retriever,routing,lift,split,n,minilm_d_proxy_top1,minilm_fb_proxy_top1,minilm_d_proxy_best5,minilm_fb_proxy_best5,minilm_d_proxy_mean5,minilm_fb_proxy_mean5,minilm_d_same_reply_hit1,minilm_fb_same_reply_hit1,minilm_d_same_reply_hit5,minilm_fb_same_reply_hit5,minilm_d_group_hit1,minilm_fb_group_hit1,minilm_d_group_hit5,minilm_fb_group_hit5,bge_d_proxy_top1,bge_fb_proxy_top1,bge_d_proxy_best5,bge_fb_proxy_best5,bge_d_proxy_mean5,bge_fb_proxy_mean5,bge_d_same_reply_hit1,bge_fb_same_reply_hit1,bge_d_same_reply_hit5,bge_fb_same_reply_hit5,bge_d_group_hit1,bge_fb_group_hit1,bge_d_group_hit5,bge_fb_group_hit5,primary_ci_lo,primary_ci_hi,primary_wilcoxon_p,pct_top1_changed,pct_improved,pct_worsened
dense_minilm,M1_global,laplace|abs,dev,319,-0.05572306423164834,0.7430387807186681,-0.042427893109082425,0.8379553410233375,-0.04289293029465272,0.7243341801261827,-0.05329153605015674,0.25391849529780564,-0.0219435736677116,0.4263322884012539,-0.006269592476489028,0.050156739811912224,-0.003134796238244514,0.07210031347962383,-0.027927319551336354,0.8600876017424006,-0.01946681560393785,0.9102150870714816,-0.021858654780821375,0.8522953093986152,-0.05329153605015674,0.25391849529780564,-0.0219435736677116,0.4263322884012539,-0.006269592476489028,0.050156739811912224,-0.003134796238244514,0.07210031347962383,-0.07622389108012649,-0.03460822534691951,5.655881910530631e-07,0.45141065830721006,0.14106583072100312,0.29780564263322884
dense_minilm,M1_global,laplace_eb_k2|abs,dev,319,-0.06479820220214447,0.733963642748172,-0.0637903482095575,0.8165928859228625,-0.0533605791745141,0.7138665312463213,-0.047021943573667714,0.2601880877742947,-0.03761755485893417,0.4106583072100313,-0.006269592476489028,0.050156739811912224,-0.003134796238244514,0.07210031347962383,-0.029185193739714666,0.8588297275540223,-0.03003204653629315,0.8996498561391263,-0.02464244416141211,0.8495115200180245,-0.047021943573667714,0.2601880877742947,-0.03761755485893417,0.4106583072100313,-0.006269592476489028,0.050156739811912224,-0.003134796238244514,0.07210031347962383,-0.09065251234498424,-0.03851650914025484,5.790212213744447e-06,0.5893416927899686,0.2006269592476489,0.3761755485893417
dense_minilm,M1_global,laplace_eb_k10|abs,dev,319,-0.056271094174874615,0.7424907507754418,-0.05973180894941372,0.8206514251830063,-0.04900273416763563,0.7182243762531998,-0.05329153605015674,0.25391849529780564,-0.034482758620689655,0.41379310344827586,-0.006269592476489028,0.050156739811912224,-0.003134796238244514,0.07210031347962383,-0.02552241040247735,0.8624925108912597,-0.028611941771073776,0.9010699609043457,-0.02285113861568296,0.8513028255637537,-0.05329153605015674,0.25391849529780564,-0.034482758620689655,0.41379310344827586,-0.006269592476489028,0.050156739811912224,-0.003134796238244514,0.07210031347962383,-0.08208790563724258,-0.03217336343087515,1.5333138092046377e-05,0.554858934169279,0.18808777429467086,0.3542319749216301
dense_minilm,M1_global,tanh_s3.5|abs,dev,319,-0.014214635222309436,0.7845472097280071,-0.0010568351487754654,0.8793263989836445,-0.0020702627665570555,0.7651568476542783,-0.06896551724137931,0.23824451410658307,0.003134796238244514,0.45141065830721006,-0.012539184952978056,0.0438871473354232,0.0,0.07523510971786834,-0.015007391898983325,0.8730075293947537,-0.0009296889589124339,0.928752213716507,-0.002957427389569417,0.8711965367898671,-0.06896551724137931,0.23824451410658307,0.003134796238244514,0.45141065830721006,-0.012539184952978056,0.0438871473354232,0.0,0.07523510971786834,-0.02407970528197139,-0.005815713111089315,3.0473834824023832e-05,0.23824451410658307,0.06269592476489028,0.16614420062695925
dense_minilm,M1_global,bayesian_lcb_k1|abs,dev,319,-0.04155268298234312,0.7572091619679734,-0.037342441820051975,0.843040792312368,-0.035093305276292244,0.7321338051445432,-0.05329153605015674,0.25391849529780564,-0.006269592476489028,0.44200626959247646,-0.003134796238244514,0.05329153605015674,0.0,0.07523510971786834,-0.021656642046094316,0.8663582792476426,-0.01651308192728455,0.9131688207481349,-0.018146431221857343,0.8560075329575794,-0.05329153605015674,0.25391849529780564,-0.006269592476489028,0.44200626959247646,-0.003134796238244514,0.05329153605015674,0.0,0.07523510971786834,-0.0597470891886744,-0.02427336698672428,8.278040524872428e-06,0.329153605015674,0.09717868338557993,0.22570532915360503
dense_minilm,M1_global,laplace|std0.5,dev,319,-0.005903527000481058,0.7928583179498354,0.0005639656490666739,0.8809471997814866,0.0026511643420566197,0.769878274762892,-0.006269592476489028,0.30094043887147337,0.003134796238244514,0.45141065830721006,-0.006269592476489028,0.050156739811912224,-0.003134796238244514,0.07210031347962383,-0.003225239466723977,0.884789681827013,-0.00020424998292354953,0.9294776526924958,0.0008749852359855458,0.8750289494154222,-0.006269592476489028,0.30094043887147337,0.003134796238244514,0.45141065830721006,-0.006269592476489028,0.050156739811912224,-0.003134796238244514,0.07210031347962383,-0.012943237027311027,0.0006928501644852017,0.27677204744647677,0.06896551724137931,0.03134796238244514,0.03761755485893417
dense_minilm,M1_global,laplace_eb_k2|std0.5,dev,319,-0.0012245536037373318,0.7975372913465791,0.0006661972842620085,0.8810494314166819,0.005752960263187981,0.7729800706840234,-0.006269592476489028,0.30094043887147337,0.009404388714733543,0.45768025078369906,-0.009404388714733543,0.047021943573667714,0.0,0.07523510971786834,-0.00020831972827732004,0.8878066015654597,-0.0004053992163798652,0.9292765034590396,0.002225008784416703,0.8763789729638535,-0.006269592476489028,0.30094043887147337,0.009404388714733543,0.45768025078369906,-0.009404388714733543,0.047021943573667714,0.0,0.07523510971786834,-0.010024169715687772,0.007965908713381865,0.9892757193241231,0.13166144200626959,0.07210031347962383,0.05329153605015674
dense_minilm,M1_global,laplace_eb_k10|std0.5,dev,319,-0.001679199896636054,0.7970826450536804,0.0006418237024713833,0.8810250578348913,0.006193990258027019,0.7734211006788625,-0.006269592476489028,0.30094043887147337,0.009404388714733543,0.45768025078369906,-0.006269592476489028,0.050156739811912224,0.0,0.07523510971786834,-0.0015634716865037303,0.8864514496072333,-0.00023424905669352852,0.9294476536187258,0.00249630780802999,0.8766502719874666,-0.006269592476489028,0.30094043887147337,0.009404388714733543,0.45768025078369906,-0.006269592476489028,0.050156739811912224,0.0,0.07523510971786834,-0.009981783673307366,0.006819669843934545,0.9749336743284315,0.11912225705329153,0.06583072100313479,0.047021943573667714
dense_minilm,M1_global,tanh_s3.5|std0.5,dev,319,4.2433462172840084e-05,0.7988042784124894,0.00016241373500106476,0.880545647867421,0.00043573170713496464,0.7676628421279704,-0.003134796238244514,0.30407523510971785,0.0,0.4482758620689655,-0.003134796238244514,0.05329153605015674,0.0,0.07523510971786834,0.00013811246354751826,0.8881530337572845,-0.000317266929112258,0.9293646357463071,-0.00010093170273640237,0.8740530324767003,-0.003134796238244514,0.30407523510971785,0.0,0.4482758620689655,-0.003134796238244514,0.05329153605015674,0.0,0.07523510971786834,-0.00024213165885602418,0.0004038044978458675,0.8589549227374824,0.02821316614420063,0.018808777429467086,0.009404388714733543
dense_minilm,M1_global,bayesian_lcb_k1|std0.5,dev,319,-0.0005530666408120277,0.7982087783095044,0.00017780845628636758,0.8805610425887063,0.0019490313987746873,0.76917614181961,-0.006269592476489028,0.30094043887147337,0.003134796238244514,0.45141065830721006,-0.003134796238244514,0.05329153605015674,0.0,0.07523510971786834,-0.0002832511749387161,0.8877316701187983,0.00017718966104393843,0.9298590923364634,0.0008265679906528208,0.8749805321700894,-0.006269592476489028,0.30094043887147337,0.003134796238244514,0.45141065830721006,-0.003134796238244514,0.05329153605015674,0.0,0.07523510971786834,-0.004170013959504968,0.0030856835664626555,0.5754030229127536,0.025078369905956112,0.012539184952978056,0.012539184952978056
dense_minilm,M1_global,laplace|std1,dev,319,-0.0038315342698351344,0.7949303106804814,0.0007062536141715453,0.8810894877465915,0.0012094495251634624,0.7684365599459989,-0.006269592476489028,0.30094043887147337,0.003134796238244514,0.45141065830721006,-0.006269592476489028,0.050156739811912224,-0.003134796238244514,0.07210031347962383,-0.0023518863329693067,0.8856630349607677,0.00016974804917099334,0.9298516507245904,0.0001785903328264777,0.8743325545122632,-0.006269592476489028,0.30094043887147337,0.003134796238244514,0.45141065830721006,-0.006269592476489028,0.050156739811912224,-0.003134796238244514,0.07210031347962383,-0.011916221545127493,0.004097360648144746,0.9785533759834825,0.12852664576802508,0.06896551724137931,0.05642633228840126
dense_minilm,M1_global,laplace_eb_k2|std1,dev,319,-0.0011384589218046972,0.7976233860285118,-0.0033997566815827706,0.8769834774508372,0.004580391373567072,0.7718075017944026,-0.009404388714733543,0.29780564263322884,0.006269592476489028,0.45454545454545453,-0.009404388714733543,0.047021943573667714,0.0,0.07523510971786834,0.00015554243120653876,0.8881704637249436,-0.002420290510482549,0.9272616121649369,0.0016003669055651727,0.8757543310850019,-0.009404388714733543,0.29780564263322884,0.006269592476489028,0.45454545454545453,-0.009404388714733543,0.047021943573667714,0.0,0.07523510971786834,-0.01109007499750038,0.00974791620428845,0.9974515286321879,0.2225705329153605,0.11285266457680251,0.09404388714733543
dense_minilm,M1_global,laplace_eb_k10|std1,dev,319,0.00046105629130964367,0.7992229012416261,-0.004728496681933867,0.875654737450486,0.003847251841827619,0.771074362262663,-0.006269592476489028,0.30094043887147337,0.006269592476489028,0.45454545454545453,-0.009404388714733543,0.047021943573667714,0.0,0.07523510971786834,0.0011483482245741219,0.8891632695183112,-0.0028175687341480795,0.9268643339412713,0.0015178235533842852,0.8756717877328211,-0.006269592476489028,0.30094043887147337,0.006269592476489028,0.45454545454545453,-0.009404388714733543,0.047021943573667714,0.0,0.07523510971786834,-0.009282983872794245,0.010783015074190858,0.6920123516845572,0.21316614420062696,0.11285266457680251,0.08150470219435736
dense_minilm,M1_global,tanh_s3.5|std1,dev,319,-0.0007721754637631503,0.7979896694865534,-9.778146646613238e-05,0.8802854526659538,3.981610357200776e-05,0.7672669265244075,-0.006269592476489028,0.30094043887147337,0.0,0.4482758620689655,-0.003134796238244514,0.05329153605015674,0.0,0.07523510971786834,-0.00027456916985466934,0.8877403521238824,-0.0004982498932781638,0.9291836527821412,-0.0007324566474902576,0.8734215075319464,-0.006269592476489028,0.30094043887147337,0.0,0.4482758620689655,-0.003134796238244514,0.05329153605015674,0.0,0.07523510971786834,-0.0034523134694951453,0.0009979106182214982,0.831310207979425,0.05642633228840126,0.02821316614420063,0.025078369905956112
dense_minilm,M1_global,bayesian_lcb_k1|std1,dev,319,-0.0003781467209041679,0.7983836982294124,0.00011582467062719937,0.8804990588030471,0.0020620371901129467,0.7692891476109484,-0.009404388714733543,0.29780564263322884,0.0,0.4482758620689655,-0.003134796238244514,0.05329153605015674,0.0,0.07523510971786834,4.3079116875101406e-05,0.8880580004106121,-3.8941078425201126e-05,0.9296429615969942,0.000797650862636985,0.8749516150420736,-0.009404388714733543,0.29780564263322884,0.0,0.4482758620689655,-0.003134796238244514,0.05329153605015674,0.0,0.07523510971786834,-0.004302669788322479,0.00357135851695246,0.9404809859004396,0.06269592476489028,0.03761755485893417,0.025078369905956112
dense_minilm,M1_global,laplace|std2,dev,319,-0.009902085443275475,0.788859759507041,-0.0033090924114269147,0.8770741417209931,-0.005966500517529755,0.7612606099033057,0.0,0.3072100313479624,0.009404388714733543,0.45768025078369906,-0.003134796238244514,0.05329153605015674,-0.003134796238244514,0.07210031347962383,-0.004905135560558881,0.8831097857331781,-0.0018006827577154464,0.9278812199177039,-0.0031974488664943995,0.870956515312942,0.0,0.3072100313479624,0.009404388714733543,0.45768025078369906,-0.003134796238244514,0.05329153605015674,-0.003134796238244514,0.07210031347962383,-0.0210933806357152,0.0008741689162754992,0.20073296487544123,0.23197492163009403,0.10344827586206896,0.12225705329153605
dense_minilm,M1_global,laplace_eb_k2|std2,dev,319,-0.01432121006719371,0.7844406348831228,-0.011206575088366446,0.8691766590440535,-0.011253888729877978,0.7559732216909575,0.0,0.3072100313479624,-0.009404388714733543,0.438871473354232,-0.006269592476489028,0.050156739811912224,-0.003134796238244514,0.07210031347962383,-0.0056688569743057774,0.8823460643194312,-0.0069843786637237455,0.9226975240116957,-0.005496694264367085,0.8686572699150695,0.0,0.3072100313479624,-0.009404388714733543,0.438871473354232,-0.006269592476489028,0.050156739811912224,-0.003134796238244514,0.07210031347962383,-0.03188017961367684,0.0041534902773166845,0.10466730190667034,0.3761755485893417,0.16614420062695925,0.1974921630094044
dense_minilm,M1_global,laplace_eb_k10|std2,dev,319,-0.0058591331364032245,0.7929027118139133,-0.010397696149386583,0.8699855379830334,-0.008711676773699847,0.7585154336471356,-0.003134796238244514,0.30407523510971785,-0.009404388714733543,0.438871473354232,-0.006269592476489028,0.050156739811912224,-0.003134796238244514,0.07210031347962383,-0.001900050613947423,0.8861148706797896,-0.006543707324419649,0.9231381953509997,-0.004353866532304817,0.869800097647132,-0.003134796238244514,0.30407523510971785,-0.009404388714733543,0.438871473354232,-0.006269592476489028,0.050156739811912224,-0.003134796238244514,0.07210031347962383,-0.02156189750021668,0.010231573048535279,0.4096423098359909,0.3542319749216301,0.16300940438871472,0.1755485893416928
dense_minilm,M1_global,tanh_s3.5|std2,dev,319,-0.008094496954944814,0.7906673479953716,-0.0007017618716697334,0.8796814722607502,0.00033405735201222646,0.7675611677728477,-0.03761755485893417,0.26959247648902823,0.003134796238244514,0.45141065830721006,-0.006269592476489028,0.050156739811912224,0.0,0.07523510971786834,-0.008386876235561311,0.8796280450581757,-0.000802391375120157,0.9288795113002992,-0.0017672625641837753,0.8723867016152529,-0.03761755485893417,0.26959247648902823,0.003134796238244514,0.45141065830721006,-0.006269592476489028,0.050156739811912224,0.0,0.07523510971786834,-0.014030763383102267,-0.0033273721189708175,0.0017623289466845572,0.14733542319749215,0.050156739811912224,0.0877742946708464
dense_minilm,M1_global,bayesian_lcb_k1|std2,dev,319,-0.0005233711957184125,0.7982384737545981,0.001070226761614641,0.8814534608940345,0.001884036686353174,0.7691111471071886,-0.003134796238244514,0.30407523510971785,0.009404388714733543,0.45768025078369906,0.0,0.05642633228840126,0.0,0.07523510971786834,-0.00044298517666640326,0.8875719361170706,0.00039041855118491435,0.9300723212266043,0.0007403739754309099,0.8748943381548675,-0.003134796238244514,0.30407523510971785,0.009404388714733543,0.45768025078369906,0.0,0.05642633228840126,0.0,0.07523510971786834,-0.005338581352491737,0.004214775046117624,0.9888658839962353,0.12225705329153605,0.06583072100313479,0.05642633228840126
dense_minilm,M2_team,laplace|abs,dev,319,0.003487539387141649,0.8022493843374581,-0.010517620274265732,0.8698656138581542,0.015171339728381939,0.7823984501492173,0.006269592476489028,0.31347962382445144,0.009404388714733543,0.45768025078369906,-0.006269592476489028,0.050156739811912224,-0.003134796238244514,0.07210031347962383,0.0036204672158698676,0.8916353885096069,-0.00331217751233929,0.9263697251630801,0.007648228888975041,0.8818021930684117,0.006269592476489028,0.31347962382445144,0.009404388714733543,0.45768025078369906,-0.006269592476489028,0.050156739811912224,-0.003134796238244514,0.07210031347962383,-0.014155050647097602,0.021682368802216155,0.3278475116803482,0.6238244514106583,0.26959247648902823,0.31974921630094044
dense_minilm,M2_team,laplace_eb_k2|abs,dev,319,0.019940134885262546,0.818701979835579,-0.0013483945385415726,0.8790348395938784,0.022925370415456617,0.790152480836292,0.03134796238244514,0.3385579937304075,0.01567398119122257,0.46394984326018807,-0.003134796238244514,0.05329153605015674,-0.003134796238244514,0.07210031347962383,0.012197435649584826,0.9002123569433218,0.0008007489775415499,0.930482651652961,0.011956128861089491,0.886110093040526,0.03134796238244514,0.3385579937304075,0.01567398119122257,0.46394984326018807,-0.003134796238244514,0.05329153605015674,-0.003134796238244514,0.07210031347962383,-0.00019511352541351382,0.040777336594686596,0.09314369839108073,0.46394984326018807,0.2507836990595611,0.19435736677115986
dense_minilm,M2_team,laplace_eb_k10|abs,dev,319,0.02045615908447478,0.8192180040347913,-0.003955052050303516,0.8764281820821164,0.023729150737621198,0.7909562611584566,0.034482758620689655,0.34169278996865204,0.006269592476489028,0.45454545454545453,-0.003134796238244514,0.05329153605015674,0.0,0.07523510971786834,0.011951127302684007,0.899966048596421,-0.0016363511638581565,0.9280455515115612,0.01196339616207494,0.8861173603415116,0.034482758620689655,0.34169278996865204,0.006269592476489028,0.45454545454545453,-0.003134796238244514,0.05329153605015674,0.0,0.07523510971786834,0.004307386910011496,0.03765036007272645,0.19128027678835258,0.49216300940438873,0.2445141065830721,0.22570532915360503
dense_minilm,M2_team,tanh_s3.5|abs,dev,319,0.009548936926739342,0.8083107818770559,-0.004202947487651741,0.8761802866447682,0.014624819701368153,0.7818519301222036,0.01567398119122257,0.322884012539185,0.009404388714733543,0.45768025078369906,-0.006269592476489028,0.050156739811912224,-0.009404388714733543,0.06583072100313479,0.008306352789499169,0.8963212740832361,-0.0009944033473262967,0.9286874993280931,0.007967772603408672,0.8821217367828453,0.01567398119122257,0.322884012539185,0.009404388714733543,0.45768025078369906,-0.006269592476489028,0.050156739811912224,-0.009404388714733543,0.06583072100313479,-0.008021600688092387,0.028092284663799306,0.8269275664186206,0.5736677115987461,0.25391849529780564,0.29780564263322884
dense_minilm,M2_team,bayesian_lcb_k1|abs,dev,319,0.0041539688305608155,0.8029158137808773,-0.004306833385300113,0.8760764007471198,0.005944342697535563,0.7731714531183709,0.0,0.3072100313479624,0.006269592476489028,0.45454545454545453,-0.006269592476489028,0.050156739811912224,-0.006269592476489028,0.06896551724137931,0.00404301407195184,0.8920579353656889,-0.0014877622964613864,0.928194140378958,0.0028475968067922562,0.8770015609862287,0.0,0.3072100313479624,0.006269592476489028,0.45454545454545453,-0.006269592476489028,0.050156739811912224,-0.006269592476489028,0.06896551724137931,-0.012406144933453923,0.0217252908890547,0.2372620615879253,0.5799373040752351,0.2507836990595611,0.30094043887147337
dense_minilm,M2_team,laplace|std0.5,dev,319,0.004331356399111613,0.8030932013494281,0.002701498684838274,0.8830847328172582,0.011893007420820875,0.7791201178416562,0.012539184952978056,0.31974921630094044,0.009404388714733543,0.45768025078369906,-0.003134796238244514,0.05329153605015674,0.003134796238244514,0.07836990595611286,0.002031101515300595,0.8900460228090376,0.0008912428419418096,0.9305731455173613,0.005514463137683449,0.8796684273171201,0.012539184952978056,0.31974921630094044,0.009404388714733543,0.45768025078369906,-0.003134796238244514,0.05329153605015674,0.003134796238244514,0.07836990595611286,-0.0019516813554173354,0.010902775658242004,0.7167319204928477,0.13166144200626959,0.06269592476489028,0.05956112852664577
dense_minilm,M2_team,laplace_eb_k2|std0.5,dev,319,0.009814307116976352,0.8085761520672928,0.004946913932184441,0.8853301480646044,0.015309519430499836,0.7825366298513352,0.012539184952978056,0.31974921630094044,0.012539184952978056,0.4608150470219436,-0.003134796238244514,0.05329153605015674,0.003134796238244514,0.07836990595611286,0.006678591327607445,0.8946935126213444,0.0016803898407747753,0.9313622925161942,0.006977207066497084,0.8811311712459337,0.012539184952978056,0.31974921630094044,0.012539184952978056,0.4608150470219436,-0.003134796238244514,0.05329153605015674,0.003134796238244514,0.07836990595611286,0.0016543201675936346,0.018211579676075222,0.02067111356691231,0.10344827586206896,0.06583072100313479,0.02821316614420063
dense_minilm,M2_team,laplace_eb_k10|std0.5,dev,319,0.007875947743000282,0.8066377926933167,0.0020740810419698492,0.8824573151743897,0.014236080174722639,0.7814631905955581,0.018808777429467086,0.32601880877742945,0.012539184952978056,0.4608150470219436,-0.003134796238244514,0.05329153605015674,0.003134796238244514,0.07836990595611286,0.004984455235699501,0.8929993765294365,0.0006485639321019283,0.9303304666075213,0.006614192414059533,0.880768156593496,0.018808777429467086,0.32601880877742945,0.012539184952978056,0.4608150470219436,-0.003134796238244514,0.05329153605015674,0.003134796238244514,0.07836990595611286,0.0018869028616474712,0.014562261363835913,0.09553225749477286,0.11285266457680251,0.06269592476489028,0.0438871473354232
dense_minilm,M2_team,tanh_s3.5|std0.5,dev,319,0.004414996289907952,0.8031768412402244,0.0017959920216503561,0.8821792261540703,0.010007170043582076,0.7772342804644176,0.006269592476489028,0.31347962382445144,0.018808777429467086,0.4670846394984326,-0.003134796238244514,0.05329153605015674,0.003134796238244514,0.07836990595611286,0.0018962395602259144,0.8899111608539629,0.0005814677869264609,0.9302633704623459,0.004731596244913658,0.8788855604243502,0.006269592476489028,0.31347962382445144,0.018808777429467086,0.4670846394984326,-0.003134796238244514,0.05329153605015674,0.003134796238244514,0.07836990595611286,-0.0010928987522483993,0.010325378413110691,0.3780626582374441,0.14106583072100312,0.08150470219435736,0.05329153605015674
dense_minilm,M2_team,bayesian_lcb_k1|std0.5,dev,319,6.679036774231722e-05,0.7988286353180588,0.0006278681343999402,0.8810111022668199,0.00785113670235517,0.7750782471231906,0.009404388714733543,0.3166144200626959,0.0,0.4482758620689655,-0.003134796238244514,0.05329153605015674,0.003134796238244514,0.07836990595611286,0.0002609271801377539,0.8882758484738748,0.00048202238860175155,0.9301639250640211,0.0033024885811402138,0.8774564527605767,0.009404388714733543,0.3166144200626959,0.0,0.4482758620689655,-0.003134796238244514,0.05329153605015674,0.003134796238244514,0.07836990595611286,-0.0049967245598758646,0.005129514704677375,0.2484941132397941,0.11598746081504702,0.0438871473354232,0.06269592476489028
dense_minilm,M2_team,laplace|std1,dev,319,0.003500475358439837,0.8022623203087563,0.0028943596028235263,0.8832775937352435,0.019724073637055004,0.7869511840578906,0.012539184952978056,0.31974921630094044,0.012539184952978056,0.4608150470219436,0.0,0.05642633228840126,0.0,0.07523510971786834,0.0025892864013540334,0.8906042076950911,0.0017772528071388555,0.9314591554825582,0.009286819449786484,0.8834407836292231,0.012539184952978056,0.31974921630094044,0.012539184952978056,0.4608150470219436,0.0,0.05642633228840126,0.0,0.07523510971786834,-0.004387681349691552,0.012049054480551925,0.8521430937068258,0.25391849529780564,0.12225705329153605,0.11598746081504702
dense_minilm,M2_team,laplace_eb_k2|std1,dev,319,0.013806036390294102,0.8125678813406105,0.005603912668915752,0.8859871468013357,0.025007327849214726,0.7922344382700501,0.018808777429467086,0.32601880877742945,0.018808777429467086,0.4670846394984326,0.0,0.05642633228840126,0.003134796238244514,0.07836990595611286,0.008692693373999999,0.896707614667737,0.002288680838940659,0.93197058351436,0.012058279506838807,0.8862122436862756,0.018808777429467086,0.32601880877742945,0.018808777429467086,0.4670846394984326,0.0,0.05642633228840126,0.003134796238244514,0.07836990595611286,0.0029408901275885893,0.025848423850176657,0.05938543519790937,0.21630094043887146,0.12225705329153605,0.08150470219435736
dense_minilm,M2_team,laplace_eb_k10|std1,dev,319,0.01097480048860502,0.8097366454389215,0.00611569571270838,0.8864989298451283,0.021365091414847718,0.7885922018356832,0.01567398119122257,0.322884012539185,0.01567398119122257,0.46394984326018807,-0.003134796238244514,0.05329153605015674,0.003134796238244514,0.07836990595611286,0.007387056619769727,0.8954019779135067,0.002153342046707775,0.9318352447221272,0.010111802797706147,0.8842657669771427,0.01567398119122257,0.322884012539185,0.01567398119122257,0.46394984326018807,-0.003134796238244514,0.05329153605015674,0.003134796238244514,0.07836990595611286,0.0014482884332070532,0.021411807061432846,0.21801057567108162,0.21630094043887146,0.11598746081504702,0.0877742946708464
dense_minilm,M2_team,tanh_s3.5|std1,dev,319,0.0021549822955295958,0.8009168272458461,0.0015734304268158342,0.8819566645592357,0.017978927852778596,0.7852060382736141,0.003134796238244514,0.3103448275862069,0.006269592476489028,0.45454545454545453,-0.006269592476489028,0.050156739811912224,0.003134796238244514,0.07836990595611286,0.0013318429919993242,0.8893467642857363,0.0007226115857545859,0.930404514261174,0.00845841485131123,0.882612379030748,0.003134796238244514,0.3103448275862069,0.006269592476489028,0.45454545454545453,-0.006269592476489028,0.050156739811912224,0.003134796238244514,0.07836990595611286,-0.004190593030665736,0.008737280565462887,0.9493190859580747,0.26959247648902823,0.13479623824451412,0.12539184952978055
dense_minilm,M2_team,bayesian_lcb_k1|std1,dev,319,0.004611685077972173,0.8033735300282886,-0.00036003045901235743,0.8800232036734076,0.011388179963472118,0.7786152903843075,0.009404388714733543,0.3166144200626959,0.009404388714733543,0.45768025078369906,0.0,0.05642633228840126,0.003134796238244514,0.07836990595611286,0.0029403138497032717,0.8909552351434402,0.0002067530043072835,0.9298886556797267,0.005191676818464991,0.8793456409979018,0.009404388714733543,0.3166144200626959,0.009404388714733543,0.45768025078369906,0.0,0.05642633228840126,0.003134796238244514,0.07836990595611286,-0.001994446758472807,0.011762569865743193,0.8967999434699492,0.21003134796238246,0.09717868338557993,0.09717868338557993
dense_minilm,M2_team,laplace|std2,dev,319,0.009244181536908808,0.8080060264872253,0.0029517478983977744,0.8833349820308177,0.01870920136804491,0.7859363117888803,0.03134796238244514,0.3385579937304075,0.018808777429467086,0.4670846394984326,-0.003134796238244514,0.05329153605015674,-0.003134796238244514,0.07210031347962383,0.005307482701483939,0.8933224039952209,0.002020711528843847,0.9317026142042633,0.009408839051626318,0.8835628032310628,0.03134796238244514,0.3385579937304075,0.018808777429467086,0.4670846394984326,-0.003134796238244514,0.05329153605015674,-0.003134796238244514,0.07210031347962383,-0.007834837625976827,0.02878021144711041,0.4826821839004567,0.47335423197492166,0.23824451410658307,0.21316614420062696
dense_minilm,M2_team,laplace_eb_k2|std2,dev,319,0.029812568162208813,0.8285744131125253,0.005075753622667917,0.8854589877550878,0.03036356344118387,0.7975906738620193,0.04075235109717868,0.34796238244514105,0.02821316614420063,0.47648902821316613,0.0,0.05642633228840126,0.0,0.07523510971786834,0.016397623619689463,0.9044125449134265,0.0018823408407851073,0.9315642435162045,0.014524893401932195,0.8886788575813689,0.04075235109717868,0.34796238244514105,0.02821316614420063,0.47648902821316613,0.0,0.05642633228840126,0.0,0.07523510971786834,0.013906694323023005,0.04758528642338879,0.0008673276267487824,0.3448275862068966,0.21003134796238246,0.11598746081504702
dense_minilm,M2_team,laplace_eb_k10|std2,dev,319,0.02341244673373931,0.8221742916840558,0.008165663639579821,0.8885488977719997,0.031077605387820714,0.7983047158086561,0.04075235109717868,0.34796238244514105,0.01567398119122257,0.46394984326018807,0.0,0.05642633228840126,0.0,0.07523510971786834,0.013536194555438051,0.901551115849175,0.003347934133206789,0.9330298368086262,0.014846441775653803,0.8890004059550904,0.04075235109717868,0.34796238244514105,0.01567398119122257,0.46394984326018807,0.0,0.05642633228840126,0.0,0.07523510971786834,0.008829614223451077,0.0395191872708476,0.025371893557864844,0.3667711598746082,0.2006269592476489,0.14106583072100312
dense_minilm,M2_team,tanh_s3.5|std2,dev,319,0.005684993723203022,0.8044468386735195,0.0008056489371207067,0.8811888830695407,0.01344586195990583,0.7806729723807413,0.009404388714733543,0.3166144200626959,0.006269592476489028,0.45454545454545453,-0.003134796238244514,0.05329153605015674,-0.012539184952978056,0.06269592476489028,0.0023441901401292566,0.8903591114338663,0.0003566623294615073,0.9300385650048809,0.005917908965980746,0.8800718731454173,0.009404388714733543,0.3166144200626959,0.006269592476489028,0.45454545454545453,-0.003134796238244514,0.05329153605015674,-0.012539184952978056,0.06269592476489028,-0.009565819330151458,0.02156293530259455,0.48351283759388897,0.438871473354232,0.1974921630094044,0.2225705329153605
dense_minilm,M2_team,bayesian_lcb_k1|std2,dev,319,0.004387259991331534,0.803149104941648,-0.0019272158045006396,0.8784560183279193,0.01001907365519238,0.7772461840760277,0.0219435736677116,0.329153605015674,0.009404388714733543,0.45768025078369906,-0.006269592476489028,0.050156739811912224,-0.003134796238244514,0.07210031347962383,0.002005938639087737,0.8900208599328248,-0.0003007940924653439,0.9293811085829541,0.0052019984744559305,0.8793559626538925,0.0219435736677116,0.329153605015674,0.009404388714733543,0.45768025078369906,-0.006269592476489028,0.050156739811912224,-0.003134796238244514,0.07210031347962383,-0.009720833546724346,0.019459866120430366,0.6585121454624638,0.3949843260188088,0.18181818181818182,0.18495297805642633
dense_minilm,M3_class,laplace|abs,dev,319,-0.017535468475852266,0.7812263764744642,-0.0449376750889243,0.8354455590434956,-0.008711932330949931,0.7585151780898854,0.012539184952978056,0.31974921630094044,0.0219435736677116,0.4702194357366771,-0.003134796238244514,0.05329153605015674,-0.006269592476489028,0.06896551724137931,-0.009946581338266595,0.8780683399554704,-0.022417813446080796,0.9072640892293385,-0.005302812892441468,0.8688511512869951,0.012539184952978056,0.31974921630094044,0.0219435736677116,0.4702194357366771,-0.003134796238244514,0.05329153605015674,-0.006269592476489028,0.06896551724137931,-0.04653613465549103,0.008960413294304213,0.13343575418091977,0.5266457680250783,0.22884012539184953,0.2852664576802508
dense_minilm,M3_class,laplace_eb_k2|abs,dev,319,-0.015985228927064464,0.782776616023252,-0.04547362506015921,0.8349096090722607,-0.006712386920627755,0.7605147235002077,0.012539184952978056,0.31974921630094044,0.02821316614420063,0.47648902821316613,-0.009404388714733543,0.047021943573667714,0.0,0.07523510971786834,-0.007777631749927437,0.8802372895438095,-0.022056105368563374,0.907625797306856,-0.004170747423620433,0.8699832167558161,0.012539184952978056,0.31974921630094044,0.02821316614420063,0.47648902821316613,-0.009404388714733543,0.047021943573667714,0.0,0.07523510971786834,-0.04372110335203033,0.010376751666368918,0.6243522195743074,0.4482758620689655,0.23197492163009403,0.21630094043887146
dense_minilm,M3_class,laplace_eb_k10|abs,dev,319,-0.014187588575398287,0.7845742563749182,-0.04500358899745822,0.8353796451349618,-0.004976039365821499,0.7622510710550139,0.0219435736677116,0.329153605015674,0.025078369905956112,0.47335423197492166,-0.006269592476489028,0.050156739811912224,-0.003134796238244514,0.07210031347962383,-0.006406062168761107,0.8816088591249759,-0.022033819397415114,0.9076480832780043,-0.003041992684516787,0.8711119714949199,0.0219435736677116,0.329153605015674,0.025078369905956112,0.47335423197492166,-0.006269592476489028,0.050156739811912224,-0.003134796238244514,0.07210031347962383,-0.04210041737604338,0.011523204713440888,0.6721565089050554,0.4482758620689655,0.219435736677116,0.22884012539184953
dense_minilm,M3_class,tanh_s3.5|abs,dev,319,-0.002864743282195169,0.7958971016681213,-0.03620193057859953,0.8441813035538204,-0.0009230263262613502,0.7663040840945741,0.03761755485893417,0.3448275862068966,0.04075235109717868,0.4890282131661442,-0.01567398119122257,0.04075235109717868,-0.012539184952978056,0.06269592476489028,-0.00021393442976063695,0.8878009868639763,-0.017719857931884478,0.9119620447435349,-0.0017181649663979002,0.8724357992130387,0.03761755485893417,0.3448275862068966,0.04075235109717868,0.4890282131661442,-0.01567398119122257,0.04075235109717868,-0.012539184952978056,0.06269592476489028,-0.030645732317546085,0.023861006631291093,0.970213233321426,0.4952978056426332,0.23824451410658307,0.2413793103448276
dense_minilm,M3_class,bayesian_lcb_k1|abs,dev,319,-0.025663642498860165,0.7730982024514563,-0.047565822270596664,0.8328174118618232,-0.012912001471300862,0.7543151089495346,0.01567398119122257,0.322884012539185,0.025078369905956112,0.47335423197492166,-0.009404388714733543,0.047021943573667714,-0.003134796238244514,0.07210031347962383,-0.012991447060085762,0.8750234742336512,-0.023047444028166768,0.9066344586472527,-0.007351956584236838,0.8668020075951999,0.01567398119122257,0.322884012539185,0.025078369905956112,0.47335423197492166,-0.009404388714733543,0.047021943573667714,-0.003134796238244514,0.07210031347962383,-0.053520575857671636,0.000727153388450508,0.01704286423727082,0.5360501567398119,0.21316614420062696,0.3103448275862069
dense_minilm,M3_class,laplace|std0.5,dev,319,0.006705964807432647,0.8054678097577491,0.006729793025408419,0.8871130271578284,0.012805535104768024,0.7800326455256035,0.012539184952978056,0.31974921630094044,0.01567398119122257,0.46394984326018807,-0.003134796238244514,0.05329153605015674,0.0,0.07523510971786834,0.004538589510424384,0.8925535108041613,0.0025966670072190812,0.9322785696826384,0.0056373894401478535,0.8797913536195844,0.012539184952978056,0.31974921630094044,0.01567398119122257,0.46394984326018807,-0.003134796238244514,0.05329153605015674,0.0,0.07523510971786834,-0.004527161793555586,0.018116460848004088,0.34720763934942456,0.16614420062695925,0.0877742946708464,0.06583072100313479
dense_minilm,M3_class,laplace_eb_k2|std0.5,dev,319,0.011124541299843863,0.8098863862501603,0.0049537603384275045,0.8853369944708475,0.014338551513079936,0.7815656619339154,0.01567398119122257,0.322884012539185,0.01567398119122257,0.46394984326018807,-0.003134796238244514,0.05329153605015674,0.003134796238244514,0.07836990595611286,0.006490994583476673,0.8945059158772136,0.002327047732182805,0.9320089504076022,0.00649941871906149,0.8806533828984984,0.01567398119122257,0.322884012539185,0.01567398119122257,0.46394984326018807,-0.003134796238244514,0.05329153605015674,0.003134796238244514,0.07836990595611286,0.0002928258039547734,0.0221659522305088,0.028951870286770792,0.1536050156739812,0.09717868338557993,0.0438871473354232
dense_minilm,M3_class,laplace_eb_k10|std0.5,dev,319,0.006608186727594059,0.8053700316779105,0.004371085137035406,0.8847543192694554,0.012640535420384897,0.7798676458412203,0.012539184952978056,0.31974921630094044,0.009404388714733543,0.45768025078369906,-0.003134796238244514,0.05329153605015674,0.0,0.07523510971786834,0.0043382897832924296,0.8923532110770295,0.0015428268049951632,0.9312247294804146,0.005447458921928765,0.8796014231013655,0.012539184952978056,0.31974921630094044,0.009404388714733543,0.45768025078369906,-0.003134796238244514,0.05329153605015674,0.0,0.07523510971786834,-0.0030475073426868473,0.016156069121577517,0.1885099793032875,0.1536050156739812,0.09090909090909091,0.050156739811912224
dense_minilm,M3_class,tanh_s3.5|std0.5,dev,319,0.006170237209169095,0.8049320821594855,0.007065244322660201,0.8874484784550801,0.009679728774441444,0.7769068391952769,0.01567398119122257,0.322884012539185,0.012539184952978056,0.4608150470219436,-0.003134796238244514,0.05329153605015674,0.0,0.07523510971786834,0.003004455174024576,0.8910193764677615,0.0022801282263848477,0.9319620309018043,0.004280833260018996,0.8784347974394556,0.01567398119122257,0.322884012539185,0.012539184952978056,0.4608150470219436,-0.003134796238244514,0.05329153605015674,0.0,0.07523510971786834,-0.005787671560590917,0.01790522688176471,0.174215655875389,0.1974921630094044,0.109717868338558,0.07210031347962383
dense_minilm,M3_class,bayesian_lcb_k1|std0.5,dev,319,0.003621977978739245,0.8023838229290557,0.006330414812392949,0.8867136489448129,0.01189411129790787,0.7791212217187433,0.01567398119122257,0.322884012539185,0.01567398119122257,0.46394984326018807,-0.003134796238244514,0.05329153605015674,0.0,0.07523510971786834,0.0024481047657216233,0.8904630260594586,0.002345143627597247,0.9320270463030167,0.004990470017011636,0.8791444341964483,0.01567398119122257,0.322884012539185,0.01567398119122257,0.46394984326018807,-0.003134796238244514,0.05329153605015674,0.0,0.07523510971786834,-0.007420394665395204,0.014225203144512949,0.6125770111482778,0.14420062695924765,0.07523510971786834,0.05642633228840126
dense_minilm,M3_class,laplace|std1,dev,319,0.009340869233619457,0.808102714183936,0.009901016296637843,0.8902842504290578,0.010205546750170307,0.7774326571710057,0.03134796238244514,0.3385579937304075,0.02821316614420063,0.47648902821316613,0.0,0.05642633228840126,0.0,0.07523510971786834,0.005116809311331626,0.8931317306050687,0.0034623822448395635,0.9331442849202589,0.0043533467386957245,0.8785073109181323,0.03134796238244514,0.3385579937304075,0.02821316614420063,0.47648902821316613,0.0,0.05642633228840126,0.0,0.07523510971786834,-0.009052294137709567,0.028251127207061993,0.25716263991166877,0.25391849529780564,0.13793103448275862,0.10658307210031348
dense_minilm,M3_class,laplace_eb_k2|std1,dev,319,0.022452591156417675,0.8212144361067342,0.008161142328316141,0.888544376460736,0.02110803923263071,0.7883351496534661,0.02821316614420063,0.335423197492163,0.0219435736677116,0.4702194357366771,-0.003134796238244514,0.05329153605015674,0.0,0.07523510971786834,0.011232156271471125,0.8992470775652082,0.0034070958538115212,0.9330889985292309,0.009585429788756894,0.8837393939681936,0.02821316614420063,0.335423197492163,0.0219435736677116,0.4702194357366771,-0.003134796238244514,0.05329153605015674,0.0,0.07523510971786834,0.008268412183327922,0.03791619854859516,0.001650497373403924,0.22570532915360503,0.14733542319749215,0.06583072100313479
dense_minilm,M3_class,laplace_eb_k10|std1,dev,319,0.011082582502716388,0.8098444274530329,0.00967393418464541,0.8900571683170654,0.018723012904014708,0.7859501233248501,0.0219435736677116,0.329153605015674,0.0219435736677116,0.4702194357366771,-0.003134796238244514,0.05329153605015674,0.0,0.07523510971786834,0.006033294346638981,0.894048215640376,0.0036490658607602495,0.9333309685361797,0.007958918585672646,0.8821128827651092,0.0219435736677116,0.329153605015674,0.0219435736677116,0.4702194357366771,-0.003134796238244514,0.05329153605015674,0.0,0.07523510971786834,-0.000442140203167839,0.022848778904698854,0.03515539166244162,0.21316614420062696,0.13166144200626959,0.06896551724137931
dense_minilm,M3_class,tanh_s3.5|std1,dev,319,-0.004782033984937638,0.7939798109653788,-0.008942325100255983,0.871440909032164,-0.007549978918790072,0.7596771315020453,0.034482758620689655,0.34169278996865204,0.025078369905956112,0.47335423197492166,-0.006269592476489028,0.050156739811912224,0.0,0.07523510971786834,-0.0010392552819745294,0.8869756660117625,-0.005680790328680535,0.9240011123467389,-0.0037093277448397087,0.870444636434597,0.034482758620689655,0.34169278996865204,0.025078369905956112,0.47335423197492166,-0.006269592476489028,0.050156739811912224,0.0,0.07523510971786834,-0.023540165255482665,0.013563492799580657,0.8995710627183682,0.31347962382445144,0.15987460815047022,0.13793103448275862
dense_minilm,M3_class,bayesian_lcb_k1|std1,dev,319,0.005347204257421733,0.8041090492077382,0.009774255341496962,0.8901574894739169,0.004195278593365299,0.7714223890142007,0.02821316614420063,0.335423197492163,0.02821316614420063,0.47648902821316613,0.0,0.05642633228840126,0.0,0.07523510971786834,0.003440111408413017,0.89145503270215,0.003410396157387282,0.9330922988328066,0.0015300927117326765,0.8756840568911692,0.02821316614420063,0.335423197492163,0.02821316614420063,0.47648902821316613,0.0,0.05642633228840126,0.0,0.07523510971786834,-0.012806049713333573,0.02371912607397637,0.5550737985445707,0.23197492163009403,0.11912225705329153,0.10344827586206896
dense_minilm,M3_class,laplace|std2,dev,319,-0.019929572554497885,0.7788322723958185,-0.039304852018535695,0.8410783821138842,-0.009886864869385312,0.7573402455514501,0.03761755485893417,0.3448275862068966,0.02821316614420063,0.47648902821316613,-0.006269592476489028,0.050156739811912224,-0.006269592476489028,0.06896551724137931,-0.008415389584149686,0.8795995317095873,-0.019352712040784592,0.9103291906346348,-0.0053540082373962905,0.8687999559420403,0.03761755485893417,0.3448275862068966,0.02821316614420063,0.47648902821316613,-0.006269592476489028,0.050156739811912224,-0.006269592476489028,0.06896551724137931,-0.04722952840026456,0.005001551939939426,0.10324263813747302,0.4200626959247649,0.1755485893416928,0.2413793103448276
dense_minilm,M3_class,laplace_eb_k2|std2,dev,319,-0.0006781414875229324,0.7980837034627936,-0.002103755840313472,0.8782794782921065,0.005752683608416102,0.7729797940292515,0.025078369905956112,0.3322884012539185,0.02821316614420063,0.47648902821316613,-0.003134796238244514,0.05329153605015674,0.0,0.07523510971786834,-2.583487654180736e-05,0.8879890864171952,-0.0025349640547294976,0.9271469386206899,0.0022615018496319043,0.8764154660290685,0.025078369905956112,0.3322884012539185,0.02821316614420063,0.47648902821316613,-0.003134796238244514,0.05329153605015674,0.0,0.07523510971786834,-0.024218429429427396,0.020846388247856687,0.7213359733871982,0.3573667711598746,0.2006269592476489,0.1536050156739812
dense_minilm,M3_class,laplace_eb_k10|std2,dev,319,-0.005789004674992965,0.7929728402753236,-0.004738240499855209,0.8756449936325648,0.00035110896564202314,0.7675782193864775,0.03134796238244514,0.3385579937304075,0.0219435736677116,0.4702194357366771,-0.003134796238244514,0.05329153605015674,-0.003134796238244514,0.07210031347962383,-0.0019358111586316627,0.8860791101351053,-0.004569235640259746,0.9251126670351596,-0.0005338418446364453,0.8736201223348001,0.03134796238244514,0.3385579937304075,0.0219435736677116,0.4702194357366771,-0.003134796238244514,0.05329153605015674,-0.003134796238244514,0.07210031347962383,-0.030102540183298547,0.016633516658377777,0.8492398480086345,0.3667711598746082,0.18495297805642633,0.1786833855799373
dense_minilm,M3_class,tanh_s3.5|std2,dev,319,0.001952756873585961,0.8007146018239024,-0.0087066104512977,0.8716766236811222,0.002474923781046293,0.7697020342018817,0.03761755485893417,0.3448275862068966,0.03761755485893417,0.48589341692789967,-0.009404388714733543,0.047021943573667714,-0.01567398119122257,0.05956112852664577,0.0012669881870006692,0.8892819094807377,-0.0054209749900435205,0.9242609276853758,0.0002808122425617483,0.8744347764219983,0.03761755485893417,0.3448275862068966,0.03761755485893417,0.48589341692789967,-0.009404388714733543,0.047021943573667714,-0.01567398119122257,0.05956112852664577,-0.02104015319832954,0.024212483977052293,0.9334950743443058,0.4200626959247649,0.19435736677115986,0.21003134796238246
dense_minilm,M3_class,bayesian_lcb_k1|std2,dev,319,-0.019304206040118555,0.7794576389101979,-0.04209365805488395,0.838289576077536,-0.01792373933061538,0.74930337109022,0.050156739811912224,0.3573667711598746,0.018808777429467086,0.4670846394984326,-0.006269592476489028,0.050156739811912224,-0.003134796238244514,0.07210031347962383,-0.007478262376635799,0.8805366589171012,-0.02061949404055796,0.9090624086348614,-0.009085777560745287,0.8650681866186912,0.050156739811912224,0.3573667711598746,0.018808777429467086,0.4670846394984326,-0.006269592476489028,0.050156739811912224,-0.003134796238244514,0.07210031347962383,-0.0453045889592166,0.005245218025724799,0.11758156204682803,0.4106583072100313,0.1724137931034483,0.23510971786833856
dense_minilm,M4_intersection,laplace|abs,dev,319,0.04188954903741242,0.8406513939877289,0.012325063301104363,0.8927082974335243,0.049668202982473895,0.8168953134033093,0.06896551724137931,0.3761755485893417,0.05329153605015674,0.5015673981191222,-0.006269592476489028,0.050156739811912224,-0.003134796238244514,0.07210031347962383,0.02119348378017031,0.9092084050739073,0.006918599426185823,0.9366005021016052,0.023100192475842087,0.8972541566552787,0.06896551724137931,0.3761755485893417,0.05329153605015674,0.5015673981191222,-0.006269592476489028,0.050156739811912224,-0.003134796238244514,0.07210031347962383,0.023172264955762693,0.06162547905926462,0.001735738895574397,0.47962382445141066,0.28213166144200624,0.1974921630094044
dense_minilm,M4_intersection,laplace_eb_k2|abs,dev,319,0.05260207955973649,0.8513639245100529,0.018198486686126565,0.8985817208185465,0.055478415965193116,0.8227055263860286,0.07836990595611286,0.38557993730407525,0.05642633228840126,0.5047021943573667,-0.003134796238244514,0.05329153605015674,0.0,0.07523510971786834,0.025477153193614325,0.9134920744873514,0.009247163246417868,0.9389290659218372,0.026361728816944235,0.9005156929963808,0.07836990595611286,0.38557993730407525,0.05642633228840126,0.5047021943573667,-0.003134796238244514,0.05329153605015674,0.0,0.07523510971786834,0.035607030014376095,0.07216314634098014,5.290241995020653e-08,0.30094043887147337,0.21316614420062696,0.0877742946708464
dense_minilm,M4_intersection,laplace_eb_k10|abs,dev,319,0.04879496217381244,0.847556807124129,0.018195157794743122,0.898578391927163,0.05324944709208691,0.8204765575129224,0.07210031347962383,0.3793103448275862,0.050156739811912224,0.49843260188087773,-0.003134796238244514,0.05329153605015674,0.0,0.07523510971786834,0.02406953233162811,0.9120844536253652,0.008954303765371676,0.938636206440791,0.025336124343931864,0.8994900885233684,0.07210031347962383,0.3793103448275862,0.050156739811912224,0.49843260188087773,-0.003134796238244514,0.05329153605015674,0.0,0.07523510971786834,0.031950226971780335,0.06817818259832019,8.150688460270382e-06,0.3887147335423197,0.2476489028213166,0.14106583072100312
dense_minilm,M4_intersection,tanh_s3.5|abs,dev,319,0.045466904064237514,0.844228749014554,0.014690073212859773,0.8950733073452797,0.05234321238105199,0.8195703228018875,0.07210031347962383,0.3793103448275862,0.0438871473354232,0.49216300940438873,-0.006269592476489028,0.050156739811912224,-0.006269592476489028,0.06896551724137931,0.02348728669474491,0.9115022079884819,0.007947128207705986,0.9376290308831253,0.024896006991497025,0.8990499711709337,0.07210031347962383,0.3793103448275862,0.0438871473354232,0.49216300940438873,-0.006269592476489028,0.050156739811912224,-0.006269592476489028,0.06896551724137931,0.028973403860899537,0.06436561595087979,0.00020611566292739835,0.45141065830721006,0.26959247648902823,0.18181818181818182
dense_minilm,M4_intersection,bayesian_lcb_k1|abs,dev,319,0.02872735141633446,0.827489196366651,0.0039550155214381445,0.8843382496538581,0.03934935825441885,0.8065764686752542,0.06269592476489028,0.36990595611285265,0.0438871473354232,0.49216300940438873,-0.012539184952978056,0.0438871473354232,0.0,0.07523510971786834,0.015472523284182653,0.9034874445779196,0.003579976977225755,0.9332618796526452,0.01911278189536546,0.8932667460748022,0.06269592476489028,0.36990595611285265,0.0438871473354232,0.49216300940438873,-0.012539184952978056,0.0438871473354232,0.0,0.07523510971786834,0.010312772029572894,0.04827152811323634,0.25657588988626,0.5391849529780565,0.27586206896551724,0.26332288401253917
dense_minilm,M4_intersection,laplace|std0.5,dev,319,0.013362581126368532,0.812124426076685,0.0058575778919327595,0.8862408120243527,0.017179889883554088,0.7844070003043896,0.025078369905956112,0.3322884012539185,0.025078369905956112,0.47335423197492166,-0.003134796238244514,0.05329153605015674,0.003134796238244514,0.07836990595611286,0.008215776618371563,0.8962306979121085,0.0029343418940481346,0.9326162445694676,0.00809003996624842,0.8822440041456852,0.025078369905956112,0.3322884012539185,0.025078369905956112,0.47335423197492166,-0.003134796238244514,0.05329153605015674,0.003134796238244514,0.07836990595611286,0.004962949798118358,0.022699428154710315,0.05010639574090026,0.15987460815047022,0.09717868338557993,0.06269592476489028
dense_minilm,M4_intersection,laplace_eb_k2|std0.5,dev,319,0.014167870520424319,0.8129297154707408,0.007279997241908106,0.887663231374328,0.016541246070196632,0.783768356491032,0.025078369905956112,0.3322884012539185,0.0219435736677116,0.4702194357366771,-0.003134796238244514,0.05329153605015674,0.003134796238244514,0.07836990595611286,0.008813380073977863,0.8968283013677149,0.0028955392702993553,0.9325774419457188,0.0075369375626495256,0.8816909017420861,0.025078369905956112,0.3322884012539185,0.0219435736677116,0.4702194357366771,-0.003134796238244514,0.05329153605015674,0.003134796238244514,0.07836990595611286,0.005906452701009554,0.023460159252242978,0.003968030368262883,0.09717868338557993,0.06896551724137931,0.02821316614420063
dense_minilm,M4_intersection,laplace_eb_k10|std0.5,dev,319,0.01053193155500956,0.8092937765053261,0.004745054955019099,0.885128289087439,0.016001670641772048,0.7832287810626074,0.018808777429467086,0.32601880877742945,0.012539184952978056,0.4608150470219436,-0.003134796238244514,0.05329153605015674,0.003134796238244514,0.07836990595611286,0.007412115234566333,0.8954270365283034,0.0023568713552899493,0.9320387740307093,0.007500915747824882,0.8816548799272617,0.018808777429467086,0.32601880877742945,0.012539184952978056,0.4608150470219436,-0.003134796238244514,0.05329153605015674,0.003134796238244514,0.07836990595611286,0.0035125650161859758,0.018031497213253773,0.0332943137998865,0.10658307210031348,0.07210031347962383,0.034482758620689655
dense_minilm,M4_intersection,tanh_s3.5|std0.5,dev,319,0.012100339916806237,0.8108621848671227,0.006237794426167647,0.8866210285585876,0.016649105645085576,0.7838762160659211,0.018808777429467086,0.32601880877742945,0.018808777429467086,0.4670846394984326,-0.003134796238244514,0.05329153605015674,0.003134796238244514,0.07836990595611286,0.00720994356657644,0.8952248648603134,0.002735196423007403,0.9324170990984268,0.007683870840969504,0.8818378350204062,0.018808777429467086,0.32601880877742945,0.018808777429467086,0.4670846394984326,-0.003134796238244514,0.05329153605015674,0.003134796238244514,0.07836990595611286,0.004605341527529271,0.02011376582553207,0.0052475222652997484,0.14420062695924765,0.10031347962382445,0.0438871473354232
dense_minilm,M4_intersection,bayesian_lcb_k1|std0.5,dev,319,0.008823065408344927,0.8075849103586614,0.006020150494799719,0.8864033846272197,0.014706561758787278,0.7819336721796227,0.018808777429467086,0.32601880877742945,0.0219435736677116,0.4702194357366771,-0.003134796238244514,0.05329153605015674,0.003134796238244514,0.07836990595611286,0.005852339222887093,0.8938672605166241,0.00297996411129225,0.9326618667867116,0.006816775634371,0.8809707398138076,0.018808777429467086,0.32601880877742945,0.0219435736677116,0.4702194357366771,-0.003134796238244514,0.05329153605015674,0.003134796238244514,0.07836990595611286,0.0011611910425944013,0.017873188861438464,0.40371286324404143,0.15673981191222572,0.08463949843260188,0.07210031347962383
dense_minilm,M4_intersection,laplace|std1,dev,319,0.029531487441829006,0.8282933323921454,0.01199467587620487,0.8923779100086248,0.032431431058619085,0.7996585414794546,0.050156739811912224,0.3573667711598746,0.0438871473354232,0.49216300940438873,0.0,0.05642633228840126,0.003134796238244514,0.07836990595611286,0.015388014548250874,0.9034029358419878,0.005842874229514861,0.9355247769049343,0.015285473277202593,0.8894394374566392,0.050156739811912224,0.3573667711598746,0.0438871473354232,0.49216300940438873,0.0,0.05642633228840126,0.003134796238244514,0.07836990595611286,0.01523037541564262,0.04600999278533139,0.0018926897230979174,0.2727272727272727,0.1724137931034483,0.10031347962382445
dense_minilm,M4_intersection,laplace_eb_k2|std1,dev,319,0.02361652652111173,0.8223783714714282,0.01333252511054371,0.8937157592429636,0.029748769436136684,0.796975879856972,0.04075235109717868,0.34796238244514105,0.04075235109717868,0.4890282131661442,0.0,0.05642633228840126,0.003134796238244514,0.07836990595611286,0.012872730489808564,0.9008876517835456,0.006099387209243535,0.9357812898846629,0.014048731682068877,0.8882026958615057,0.04075235109717868,0.34796238244514105,0.04075235109717868,0.4890282131661442,0.0,0.05642633228840126,0.003134796238244514,0.07836990595611286,0.011727904064761808,0.03734865762690391,0.0003571020545220848,0.16300940438871472,0.11285266457680251,0.050156739811912224
dense_minilm,M4_intersection,laplace_eb_k10|std1,dev,319,0.017861270932568278,0.8166231158828847,0.010079104044594361,0.8904623381770143,0.02547445367776488,0.7927015640986003,0.03761755485893417,0.3448275862068966,0.034482758620689655,0.4827586206896552,-0.003134796238244514,0.05329153605015674,0.003134796238244514,0.07836990595611286,0.011230194082828151,0.8992451153765652,0.004705029968931383,0.9343869326443508,0.01204844591759589,0.8862024100970325,0.03761755485893417,0.3448275862068966,0.034482758620689655,0.4827586206896552,-0.003134796238244514,0.05329153605015674,0.003134796238244514,0.07836990595611286,0.008554076996623161,0.02875880747916743,0.007022875127472495,0.19435736677115986,0.12539184952978055,0.06896551724137931
dense_minilm,M4_intersection,tanh_s3.5|std1,dev,319,0.01952960848995137,0.8182914534402679,0.008100330642771944,0.8884835647751919,0.027740130153102182,0.7949672405739378,0.034482758620689655,0.34169278996865204,0.0219435736677116,0.4702194357366771,-0.006269592476489028,0.050156739811912224,-0.003134796238244514,0.07210031347962383,0.011154347265775674,0.8991692685595126,0.0038163273312081364,0.9334982300066276,0.012631059664543894,0.8867850238439806,0.034482758620689655,0.34169278996865204,0.0219435736677116,0.4702194357366771,-0.006269592476489028,0.050156739811912224,-0.003134796238244514,0.07210031347962383,0.009581344078373761,0.03083452271723822,0.0027593342725831527,0.25705329153605017,0.16614420062695925,0.09090909090909091
dense_minilm,M4_intersection,bayesian_lcb_k1|std1,dev,319,0.02264749943088962,0.821409344381206,0.006059397444082278,0.8864426315765022,0.024037983929475645,0.791265094350311,0.04075235109717868,0.34796238244514105,0.03134796238244514,0.47962382445141066,0.0,0.05642633228840126,0.0,0.07523510971786834,0.012059538155140175,0.9000744594488772,0.0034438663141854505,0.9331257689896049,0.01142953529626972,0.8855834994757064,0.04075235109717868,0.34796238244514105,0.03134796238244514,0.47962382445141066,0.0,0.05642633228840126,0.0,0.07523510971786834,0.010781852545969911,0.03721804310418781,0.014527121468968167,0.26332288401253917,0.15673981191222572,0.10658307210031348
dense_minilm,M4_intersection,laplace|std2,dev,319,0.037999014577428374,0.8367608595277448,0.013882920192700569,0.8942661543251205,0.0457570860892254,0.8129841965100608,0.07836990595611286,0.38557993730407525,0.05329153605015674,0.5015673981191222,-0.006269592476489028,0.050156739811912224,-0.003134796238244514,0.07210031347962383,0.019404009591823087,0.9074189308855601,0.007233793458968495,0.9369156961343879,0.021916758191996608,0.8960707223714333,0.07836990595611286,0.38557993730407525,0.05329153605015674,0.5015673981191222,-0.006269592476489028,0.050156739811912224,-0.003134796238244514,0.07210031347962383,0.021625455376052746,0.056158223642520946,0.0001922876976880804,0.4012539184952978,0.2507836990595611,0.15047021943573669
dense_minilm,M4_intersection,laplace_eb_k2|std2,dev,319,0.0451318031311222,0.8438936480814386,0.015772759260428735,0.8961559933928487,0.04413677390466289,0.8113638843254982,0.07523510971786834,0.3824451410658307,0.05642633228840126,0.5047021943573667,-0.003134796238244514,0.05329153605015674,0.003134796238244514,0.07836990595611286,0.022590758284804963,0.910605679578542,0.007757073098962957,0.9374389757743824,0.021142196468425023,0.8952961606478615,0.07523510971786834,0.3824451410658307,0.05642633228840126,0.5047021943573667,-0.003134796238244514,0.05329153605015674,0.003134796238244514,0.07836990595611286,0.029209922762079673,0.0629735679029951,1.7027788248767806e-07,0.2476489028213166,0.18181818181818182,0.06583072100313479
dense_minilm,M4_intersection,laplace_eb_k10|std2,dev,319,0.03839379891192651,0.837155643862243,0.015733119929472107,0.896116354061892,0.040534173339885606,0.807761283760721,0.07210031347962383,0.3793103448275862,0.047021943573667714,0.4952978056426332,0.0,0.05642633228840126,0.0,0.07523510971786834,0.020440155996424278,0.9084550772901613,0.007065428648622806,0.9367473313240422,0.019636620361603165,0.8937905845410399,0.07210031347962383,0.3793103448275862,0.047021943573667714,0.4952978056426332,0.0,0.05642633228840126,0.0,0.07523510971786834,0.02280555232909733,0.055519900240623,3.786029136394468e-05,0.29780564263322884,0.1974921630094044,0.10031347962382445
dense_minilm,M4_intersection,tanh_s3.5|std2,dev,319,0.03244854795942112,0.8312103929097376,0.009089354157074118,0.889472588289494,0.03643029892939759,0.803657409350233,0.06583072100313479,0.3730407523510972,0.034482758620689655,0.4827586206896552,-0.003134796238244514,0.05329153605015674,-0.012539184952978056,0.06269592476489028,0.016752900374720464,0.9047678216684575,0.004991369561341863,0.9346732722367612,0.01694063641434553,0.8910946005937821,0.06583072100313479,0.3730407523510972,0.034482758620689655,0.4827586206896552,-0.003134796238244514,0.05329153605015674,-0.012539184952978056,0.06269592476489028,0.015881320940721838,0.05014322988373636,0.002735587686402994,0.3761755485893417,0.22884012539184953,0.14733542319749215
dense_minilm,M4_intersection,bayesian_lcb_k1|std2,dev,319,0.03550518835459757,0.834267033304914,0.00788297399084396,0.8882662081232638,0.03570353187223587,0.8029306422930713,0.07210031347962383,0.3793103448275862,0.03761755485893417,0.48589341692789967,-0.009404388714733543,0.047021943573667714,0.0,0.07523510971786834,0.01910614388116101,0.907121065174898,0.0044278377275855565,0.934109740403005,0.01711388777789651,0.891267851957333,0.07210031347962383,0.3793103448275862,0.03761755485893417,0.48589341692789967,-0.009404388714733543,0.047021943573667714,0.0,0.07523510971786834,0.019995951742447657,0.0529887659802192,0.007570282390950894,0.4231974921630094,0.23824451410658307,0.18495297805642633
dense_minilm,M5_backoff,laplace|abs,dev,319,0.039304271095131633,0.8380661160454481,0.008651034351800303,0.8890342684842202,0.04894120838948552,0.816168318810321,0.06269592476489028,0.36990595611285265,0.03761755485893417,0.48589341692789967,-0.009404388714733543,0.047021943573667714,-0.003134796238244514,0.07210031347962383,0.018811425632070226,0.9068263469258072,0.003991278081104673,0.9336731807565241,0.0233127759354989,0.8974667401149354,0.06269592476489028,0.36990595611285265,0.03761755485893417,0.48589341692789967,-0.009404388714733543,0.047021943573667714,-0.003134796238244514,0.07210031347962383,0.02136657704543731,0.05895352500803228,0.0023769315853129336,0.48589341692789967,0.2852664576802508,0.1974921630094044
dense_minilm,M5_backoff,laplace_eb_k2|abs,dev,319,0.04033095736441941,0.8390928023147359,0.011060378441242589,0.8914436125736626,0.048979380035475126,0.8162064904563104,0.05956112852664577,0.3667711598746082,0.034482758620689655,0.4827586206896552,-0.006269592476489028,0.050156739811912224,0.0,0.07523510971786834,0.02088715645213112,0.9089020777458682,0.005388017171602638,0.935069919847022,0.02316362913873128,0.8973175933181678,0.05956112852664577,0.3667711598746082,0.034482758620689655,0.4827586206896552,-0.006269592476489028,0.050156739811912224,0.0,0.07523510971786834,0.023303959474294537,0.06107539484937174,0.0001454494930303288,0.34169278996865204,0.21630094043887146,0.12539184952978055
dense_minilm,M5_backoff,laplace_eb_k10|abs,dev,319,0.04358920654673188,0.8423510514970484,0.013136646777484858,0.8935198809099048,0.04852139576335312,0.8157485061841885,0.06583072100313479,0.3730407523510972,0.03761755485893417,0.48589341692789967,-0.006269592476489028,0.050156739811912224,0.0,0.07523510971786834,0.02225184776939942,0.9102667690631364,0.0066843494352502135,0.9363662521106696,0.02369631674596135,0.897850280925398,0.06583072100313479,0.3730407523510972,0.03761755485893417,0.48589341692789967,-0.006269592476489028,0.050156739811912224,0.0,0.07523510971786834,0.026367695055913683,0.06348441970362372,0.00011856519245264292,0.43260188087774293,0.26332288401253917,0.16614420062695925
dense_minilm,M5_backoff,tanh_s3.5|abs,dev,319,0.04117458230205651,0.8399364272523729,0.012919872905767077,0.893303107038187,0.04919602790246002,0.8164231383232955,0.05956112852664577,0.3667711598746082,0.03134796238244514,0.47962382445141066,-0.009404388714733543,0.047021943573667714,-0.006269592476489028,0.06896551724137931,0.02161683184226105,0.9096317531359981,0.005771305400376036,0.9354532080757955,0.02386967599578786,0.8980236401752246,0.05956112852664577,0.3667711598746082,0.03134796238244514,0.47962382445141066,-0.009404388714733543,0.047021943573667714,-0.006269592476489028,0.06896551724137931,0.022652784913784144,0.06153408313158397,0.000830094842809066,0.5047021943573667,0.2946708463949843,0.20689655172413793
dense_minilm,M5_backoff,bayesian_lcb_k1|abs,dev,319,0.031385810012260575,0.830147654962577,0.010307975790717384,0.8906912099231373,0.04640607816345266,0.8136331885842882,0.05329153605015674,0.3605015673981191,0.03761755485893417,0.48589341692789967,-0.01567398119122257,0.04075235109717868,0.0,0.07523510971786834,0.01484697739532375,0.9028618986890607,0.004427370886817621,0.934109273562237,0.02147268426829371,0.8956266484477302,0.05329153605015674,0.3605015673981191,0.03761755485893417,0.48589341692789967,-0.01567398119122257,0.04075235109717868,0.0,0.07523510971786834,0.014058970164239033,0.05012627078430451,0.08484255761438904,0.5141065830721003,0.2664576802507837,0.2445141065830721
dense_minilm,M5_backoff,laplace|std0.5,dev,319,0.012906334943905893,0.8116681798942224,0.008737992156635632,0.8891212262890555,0.01900298287595701,0.7862300932967926,0.0219435736677116,0.329153605015674,0.02821316614420063,0.47648902821316613,-0.006269592476489028,0.050156739811912224,0.003134796238244514,0.07836990595611286,0.008281635079637964,0.8962965563733749,0.003969272102308124,0.9336511747777275,0.009000686848051494,0.8831546510274881,0.0219435736677116,0.329153605015674,0.02821316614420063,0.47648902821316613,-0.006269592476489028,0.050156739811912224,0.003134796238244514,0.07836990595611286,0.004797787875591027,0.02233399679901831,0.09337627437220898,0.15987460815047022,0.09404388714733543,0.06583072100313479
dense_minilm,M5_backoff,laplace_eb_k2|std0.5,dev,319,0.01434972214287725,0.8131115670931938,0.005777708415327401,0.8861609425477474,0.017382470455289255,0.7846095808761246,0.0219435736677116,0.329153605015674,0.018808777429467086,0.4670846394984326,-0.006269592476489028,0.050156739811912224,0.003134796238244514,0.07836990595611286,0.008278391764829151,0.8962933130585662,0.0026044727866552466,0.9322863754620746,0.00803960569226256,0.8821935698716993,0.0219435736677116,0.329153605015674,0.018808777429467086,0.4670846394984326,-0.006269592476489028,0.050156739811912224,0.003134796238244514,0.07836990595611286,0.006220396756425173,0.02361327163104353,0.007928791831643658,0.11285266457680251,0.07523510971786834,0.03761755485893417
dense_minilm,M5_backoff,laplace_eb_k10|std0.5,dev,319,0.010971927600781372,0.8097337725510978,0.004644055912113488,0.8850272900445334,0.016840674240013644,0.784067784660849,0.01567398119122257,0.322884012539185,0.012539184952978056,0.4608150470219436,-0.006269592476489028,0.050156739811912224,0.003134796238244514,0.07836990595611286,0.0071681370742642395,0.8951830583680013,0.0023568713552899493,0.9320387740307093,0.007972629503770307,0.882126593683207,0.01567398119122257,0.322884012539185,0.012539184952978056,0.4608150470219436,-0.006269592476489028,0.050156739811912224,0.003134796238244514,0.07836990595611286,0.004107735596807399,0.018466012235322155,0.05413063649743804,0.12225705329153605,0.07836990595611286,0.0438871473354232
dense_minilm,M5_backoff,tanh_s3.5|std0.5,dev,319,0.012236414401321949,0.8109982593516384,0.006407569381510576,0.8867908035139305,0.017230238968675784,0.7844573493895112,0.01567398119122257,0.322884012539185,0.018808777429467086,0.4670846394984326,-0.006269592476489028,0.050156739811912224,0.003134796238244514,0.07836990595611286,0.007616542723485295,0.8956314640172223,0.002719812071809201,0.9324017147472285,0.008103912564280637,0.8822578767437174,0.01567398119122257,0.322884012539185,0.018808777429467086,0.4670846394984326,-0.006269592476489028,0.050156739811912224,0.003134796238244514,0.07836990595611286,0.004952734683678255,0.02032352802533434,0.004353819138668195,0.15047021943573669,0.10344827586206896,0.047021943573667714
dense_minilm,M5_backoff,bayesian_lcb_k1|std0.5,dev,319,0.009569463685014778,0.8083313086353312,0.006782461856973582,0.8871656959893935,0.016270179728916073,0.7834972901497516,0.018808777429467086,0.32601880877742945,0.0219435736677116,0.4702194357366771,-0.006269592476489028,0.050156739811912224,0.003134796238244514,0.07836990595611286,0.006498522145621082,0.8945134434393581,0.003101218643607017,0.9327831213190264,0.007503859656731536,0.8816578238361682,0.018808777429467086,0.32601880877742945,0.0219435736677116,0.4702194357366771,-0.006269592476489028,0.050156739811912224,0.003134796238244514,0.07836990595611286,0.0021295172480580203,0.01794950691136447,0.6015081344405899,0.1536050156739812,0.07836990595611286,0.07523510971786834
dense_minilm,M5_backoff,laplace|std1,dev,319,0.030367501395342864,0.8291293463456594,0.013293802364492865,0.8936770364969128,0.034977539299423786,0.8022046497202592,0.050156739811912224,0.3573667711598746,0.04075235109717868,0.4890282131661442,-0.003134796238244514,0.05329153605015674,0.003134796238244514,0.07836990595611286,0.01600384030222519,0.9040187615959622,0.006007674532624248,0.9356895772080437,0.016604939000359895,0.8907589031797964,0.050156739811912224,0.3573667711598746,0.04075235109717868,0.4890282131661442,-0.003134796238244514,0.05329153605015674,0.003134796238244514,0.07836990595611286,0.016303403263321865,0.04646133126918703,0.002929772945660751,0.27586206896551724,0.16927899686520376,0.10658307210031348
dense_minilm,M5_backoff,laplace_eb_k2|std1,dev,319,0.02258879625965435,0.8213506412099708,0.012471748743685061,0.892854982876105,0.032106669873092616,0.799333780293928,0.03761755485893417,0.3448275862068966,0.034482758620689655,0.4827586206896552,-0.003134796238244514,0.05329153605015674,0.003134796238244514,0.07836990595611286,0.012040197288728433,0.9000551185824655,0.005674807068696217,0.9353567097441156,0.015078055092533554,0.8892320192719702,0.03761755485893417,0.3448275862068966,0.034482758620689655,0.4827586206896552,-0.003134796238244514,0.05329153605015674,0.003134796238244514,0.07836990595611286,0.010909339305025098,0.03608190149746156,0.002868876247643338,0.18808777429467086,0.11912225705329153,0.06896551724137931
dense_minilm,M5_backoff,laplace_eb_k10|std1,dev,319,0.018102337223795888,0.8168641821741124,0.009609225775380866,0.8899924599078008,0.027855567900364673,0.7950826783212,0.03134796238244514,0.3385579937304075,0.03134796238244514,0.47962382445141066,-0.006269592476489028,0.050156739811912224,0.003134796238244514,0.07836990595611286,0.010666177657704369,0.8986810989514413,0.004603059874806658,0.9342849625502261,0.013353750903778315,0.8875077150832149,0.03134796238244514,0.3385579937304075,0.03134796238244514,0.47962382445141066,-0.006269592476489028,0.050156739811912224,0.003134796238244514,0.07836990595611286,0.008650010710342737,0.029028421372969314,0.01687860300599304,0.2225705329153605,0.13479623824451412,0.0877742946708464
dense_minilm,M5_backoff,tanh_s3.5|std1,dev,319,0.021700175788522142,0.8204620207388386,0.01005702341985553,0.8904402575522755,0.030200416629777804,0.7974275270506131,0.034482758620689655,0.34169278996865204,0.0219435736677116,0.4702194357366771,-0.009404388714733543,0.047021943573667714,-0.003134796238244514,0.07210031347962383,0.012487044528733974,0.900501965822471,0.004205158137976189,0.9338870608133956,0.013971274960377372,0.888125239139814,0.034482758620689655,0.34169278996865204,0.0219435736677116,0.4702194357366771,-0.009404388714733543,0.047021943573667714,-0.003134796238244514,0.07210031347962383,0.010874971859507426,0.03380362884459731,0.0020338330350503342,0.26959247648902823,0.1724137931034483,0.09717868338557993
dense_minilm,M5_backoff,bayesian_lcb_k1|std1,dev,319,0.021618643057383712,0.8203804880077001,0.01114319951556693,0.8915264336479869,0.02708574632025064,0.7943128567410861,0.03761755485893417,0.3448275862068966,0.03761755485893417,0.48589341692789967,-0.003134796238244514,0.05329153605015674,0.0,0.07523510971786834,0.012327034458471315,0.9003419557522083,0.005049254826991162,0.9347311575024105,0.013059092091168728,0.8872130562706053,0.03761755485893417,0.3448275862068966,0.03761755485893417,0.48589341692789967,-0.003134796238244514,0.05329153605015674,0.0,0.07523510971786834,0.009684767693187749,0.03569044417301688,0.053841762361592396,0.2507836990595611,0.14106583072100312,0.109717868338558
dense_minilm,M5_backoff,laplace|std2,dev,319,0.04383138547356599,0.8425932304238825,0.016420506524815456,0.8968037406572353,0.04949357882142067,0.8167206892422562,0.08150470219435736,0.3887147335423197,0.0438871473354232,0.49216300940438873,-0.009404388714733543,0.047021943573667714,-0.003134796238244514,0.07210031347962383,0.021904481428917672,0.9099194027226547,0.007445548115105465,0.9371274507905248,0.023893715875649528,0.8980476800550861,0.08150470219435736,0.3887147335423197,0.0438871473354232,0.49216300940438873,-0.009404388714733543,0.047021943573667714,-0.003134796238244514,0.07210031347962383,0.026323134049796575,0.06310463616081446,6.529521247860919e-05,0.4231974921630094,0.2664576802507837,0.15673981191222572
dense_minilm,M5_backoff,laplace_eb_k2|std2,dev,319,0.041516568651860784,0.8402784136021773,0.013365084474736994,0.893748318607157,0.04329890133258317,0.8105260117534185,0.06583072100313479,0.3730407523510972,0.047021943573667714,0.4952978056426332,-0.006269592476489028,0.050156739811912224,0.003134796238244514,0.07836990595611286,0.02067216679593986,0.9086870880896769,0.005813724942341867,0.9354956276177613,0.020548331102233697,0.8947022952816702,0.06583072100313479,0.3730407523510972,0.047021943573667714,0.4952978056426332,-0.006269592476489028,0.050156739811912224,0.003134796238244514,0.07836990595611286,0.025506142926253497,0.059596889676835636,5.3242723272585145e-06,0.27899686520376177,0.19122257053291536,0.0877742946708464
dense_minilm,M5_backoff,laplace_eb_k10|std2,dev,319,0.03832559711460409,0.8370874420649206,0.014237917749485626,0.8946211518819056,0.04207833961446457,0.8093054500353,0.06583072100313479,0.3730407523510972,0.03761755485893417,0.48589341692789967,-0.003134796238244514,0.05329153605015674,0.0,0.07523510971786834,0.019824041094525853,0.9078389623882629,0.006216448022280367,0.9358983506976998,0.020299636887906116,0.8944536010673427,0.06583072100313479,0.3730407523510972,0.03761755485893417,0.48589341692789967,-0.003134796238244514,0.05329153605015674,0.0,0.07523510971786834,0.022875151249834084,0.05664841637809448,0.0003475323354740398,0.3385579937304075,0.21003134796238246,0.12852664576802508
dense_minilm,M5_backoff,tanh_s3.5|std2,dev,319,0.03463783417609418,0.8333996791264107,0.012072411357048536,0.8924556454894684,0.04098739110073513,0.8082145015215706,0.06269592476489028,0.36990595611285265,0.02821316614420063,0.47648902821316613,-0.006269592476489028,0.050156739811912224,-0.012539184952978056,0.06269592476489028,0.017444124602972528,0.9054590458967096,0.00579374757680026,0.9354756502522197,0.019424004296897723,0.8935779684763345,0.06269592476489028,0.36990595611285265,0.02821316614420063,0.47648902821316613,-0.006269592476489028,0.050156739811912224,-0.012539184952978056,0.06269592476489028,0.017776014106961252,0.05275012055137501,0.002270740332797516,0.4043887147335423,0.2445141065830721,0.15987460815047022
dense_minilm,M5_backoff,bayesian_lcb_k1|std2,dev,319,0.03641418987727464,0.8351760348275911,0.014467761200797222,0.8948509953332171,0.04106966994329119,0.8082967803641266,0.07210031347962383,0.3793103448275862,0.034482758620689655,0.4827586206896552,-0.012539184952978056,0.0438871473354232,0.0,0.07523510971786834,0.020024966390155326,0.9080398876838923,0.006218101443915531,0.9359000041193349,0.01908876537155582,0.8932427295509926,0.07210031347962383,0.3793103448275862,0.034482758620689655,0.4827586206896552,-0.012539184952978056,0.0438871473354232,0.0,0.07523510971786834,0.020492943901521937,0.05322045177472373,0.00429743747648168,0.4106583072100313,0.23510971786833856,0.1755485893416928
