feature,direction,threshold,dev_policy,pct_open
top5_min_score,below,0.9521057605743408,0.009550215547519447,0.8025078369905956
semantic_mean,below,0.9087067013978958,0.009462387930967448,0.8025078369905956
top5_mean_score,below,0.9567433595657349,0.008990024498766925,0.8025078369905956
evidence_class_top5,below,187.0,0.008364273630008946,0.500361707258259
top1_score,below,0.9536957144737244,0.008159087505977585,0.7021943573667712
semantic_top1,below,0.9536954164505005,0.008159087505977585,0.7021943573667712
evidence_class_top5,below,296.0,0.008073396086046026,0.6001929105377382
evidence_class_top5,below,358.0,0.007602717311505326,0.7026766337111164
evidence_intersection_top5,below,69.0,0.007418801420089104,0.5032553653243308
evidence_class_top5,below,129.0,0.007375483663650717,0.4012539184952978
semantic_mean,below,0.5376551088690757,0.00696665807850596,0.5015673981191222
top5_min_score,below,0.8564997911453247,0.006875531117772953,0.7021943573667712
semantic_mean,below,0.6015490418672562,0.006754202959995716,0.6018808777429467
evidence_intersection_top5,below,40.0,0.006727756889708105,0.42030383409693756
top5_mean_score,below,0.8876645803451538,0.006527122924895295,0.7021943573667712
evidence_global_top5,below,725.1999999999998,0.00652238090073657,0.5999517723655655
semantic_mean,below,0.6542707926034927,0.006466690836281612,0.7021943573667712
top5_min_score,below,0.7832673788070679,0.006447000239940042,0.6018808777429467
top1_score,below,0.898497462272644,0.006392854278220422,0.6018808777429467
semantic_top1,below,0.8984975218772888,0.006392854278220422,0.6018808777429467
top5_min_score,below,0.7076748013496399,0.006378966219919056,0.5015673981191222
semantic_top1,below,0.8452457785606384,0.006293471872964651,0.5015673981191222
top1_score,below,0.8452458381652832,0.006293471872964651,0.5015673981191222
top5_mean_score,below,0.8159920692443847,0.006141309403844244,0.6018808777429467
top5_min_score,below,0.6391569375991821,0.0060864364221235746,0.4012539184952978
top5_mean_score,below,0.6886500358581543,0.0059569405739009025,0.4012539184952978
top5_mean_score,below,0.7511730790138245,0.005918257030085077,0.5015673981191222
semantic_top1,below,0.7914109826087952,0.005695992994946631,0.4012539184952978
top1_score,below,0.7914108633995056,0.005695992994946631,0.4012539184952978
top1_score,below,0.7272045612335205,0.005607422630787471,0.30094043887147337
semantic_top1,below,0.7272048592567444,0.005607422630787471,0.30094043887147337
evidence_class_top5,below,104.0,0.005537910485284887,0.30793344586448035
coverage_intersection,below,0.98,0.005145122478791309,0.3248131179165662
semantic_mean,below,0.4263393414020538,0.005036666908478604,0.30094043887147337
semantic_mean,below,0.47661975145339963,0.004973145980187603,0.4012539184952978
evidence_team_top5,below,102.0,0.004915985799580274,0.4043887147335423
top5_mean_score,below,0.6279935836791992,0.0045925215881992484,0.30094043887147337
evidence_intersection_top5,below,25.0,0.0045637549126841,0.301181577043646
evidence_global_top5,below,573.0,0.004390988929216506,0.5022908126356402
semantic_top1,below,0.630275309085846,0.00438067138784329,0.2006269592476489
top1_score,below,0.630275309085846,0.00438067138784329,0.2006269592476489
evidence_class_top5,below,74.0,0.004337647596065585,0.20159151193633953
top5_min_score,below,0.5730628967285156,0.00416427404083687,0.30094043887147337
n_top_changed,below,4.0,0.0038960634447564152,0.7137689896310586
n_top_changed,below,4.0,0.0038960634447564152,0.7137689896310586
evidence_global_top5,below,448.0,0.0037480141830093638,0.4024596093561611
evidence_global_top5,below,821.0,0.0036637757251082714,0.7014709428502532
semantic_mean,below,0.3749394863843918,0.0035772383813114086,0.2006269592476489
evidence_global_top5,below,379.0,0.0034997854745615125,0.3021461297323366
evidence_intersection_top5,below,104.59999999999991,0.003238118358525938,0.5999517723655655
top1_score,below,0.9791168570518494,0.003198153796341438,0.8025078369905956
semantic_top1,below,0.9791166186332703,0.003198153796341438,0.8025078369905956
evidence_team_top5,below,55.0,0.0028490697386065306,0.3045575114540632
top5_mean_score,below,0.5600010871887207,0.0027514909092477926,0.2006269592476489
evidence_team_top5,below,140.0,0.0026363444283033295,0.5182059319990354
top5_min_score,below,0.49816209077835083,0.002561116196288814,0.2006269592476489
intervention_scale,below,0.6942405597936983,0.002278398177136218,0.29997588618278276
evidence_intersection_top5,below,17.0,0.0022424098085374006,0.20472630817458404
evidence_global_top5,below,309.0,0.0020743482819171534,0.2006269592476489
coverage_team,below,0.99,0.0020614414580735867,0.21702435495538944
coverage_intersection,below,0.94,0.0017265787692652974,0.20183265010851217
n_top_changed,below,3.0,0.001594829798635874,0.5160356884494816
n_top_changed,below,3.0,0.001594829798635874,0.5160356884494816
max_lift_class,below,0.10620674666666666,0.0015858529557341231,0.29997588618278276
intervention_scale,below,0.2638042168211999,0.001545324312553999,0.2001446829033036
evidence_team_top5,below,40.0,0.0012881167166515347,0.20086809741982156
max_lift_class,below,0.14857142857142858,0.0010147446055483581,0.4060766819387509
max_lift_class,below,0.030588235294117628,0.0006451894083826807,0.20038582107547626
n_top_changed,below,2.0,0.0005912104711809703,0.35061490233904025
n_top_changed,below,1.0,0.0005240517946677464,0.24596093561610802
max_lift_intersection,below,0.05999999999999997,-0.0002567538488966199,0.20038582107547626
evidence_team_top5,below,179.0,-0.0003819369284509319,0.6013986013986014
evidence_intersection_top5,below,142.0,-0.000766338231205969,0.7002652519893899
best_promotion_margin,below,-0.16000000000000003,-0.0008229895822536753,0.2006269592476489
max_lift_team,below,0.022499999999999964,-0.001021587626062188,0.20038582107547626
n_promotable,below,2.0,-0.0016702453210349828,0.7296841089944538
evidence_class_top5,below,417.0,-0.0020181370199747134,0.8003375934410417
best_promotion_margin,below,0.009863363332926476,-0.0021209959070999304,0.5999517723655655
max_lift_intersection,below,0.09614370062370062,-0.0021492958981530305,0.29997588618278276
lift_frac_negative,below,0.37,-0.0021559011118366597,0.20255606462503015
evidence_global_top5,below,942.0,-0.002256958494566997,0.8025078369905956
n_promotable,below,1.0,-0.0024949253442662868,0.6631299734748011
n_promotable,below,1.0,-0.0024949253442662868,0.6631299734748011
n_promotable,below,5.0,-0.002532703654217611,0.8027489751627682
lift_mean,below,-0.1790650628336115,-0.0027036142383019606,0.2001446829033036
lift_std,below,0.027397752639605883,-0.002793089588392146,0.2001446829033036
best_promotion_margin,below,0.025523809523809504,-0.003284312605009845,0.7002652519893899
n_promotable,below,0.0,-0.003412246310641917,0.49939715456956835
n_promotable,below,0.0,-0.003412246310641917,0.49939715456956835
n_promotable,below,0.0,-0.003412246310641917,0.49939715456956835
best_promotion_margin,below,0.00012935655056178774,-0.0034381526423299747,0.5001205690860864
lift_mean,below,-0.12218698592750706,-0.004077049615887927,0.40004822763443454
best_promotion_margin,below,0.060303445397098775,-0.004099911622737211,0.7998553170966964
best_promotion_margin,below,-0.0311904997100486,-0.0043922861566852885,0.40004822763443454
best_promotion_margin,below,-0.09518293246554553,-0.004517640906815245,0.29997588618278276
lift_frac_positive,below,0.43,-0.004809694100114734,0.7019532191945985
lift_frac_positive,below,0.05,-0.0048577746720896995,0.4159633469978298
lift_mean,below,-0.07741775273891341,-0.004949082896447567,0.5001205690860864
lift_mean,below,-0.15254366736861866,-0.005259161516359291,0.29997588618278276
lift_frac_negative,below,0.8,-0.0054417341113924145,0.5080781287677839
lift_frac_positive,below,0.14,-0.005615036337238235,0.5051844707017121
lift_std,below,0.042787851838793134,-0.00569027983512768,0.29997588618278276
lift_frac_positive,below,0.26,-0.00649395434772908,0.6074270557029178
lift_frac_positive,below,0.01,-0.0065501125563993375,0.32505425608873884
lift_std,below,0.055675397508926534,-0.006774793529700221,0.40004822763443454
lift_max,below,0.020618556701030945,-0.006812530352116666,0.3091391367253436
lift_frac_negative,below,0.97,-0.006904845159435261,0.7026766337111164
lift_mean,below,-0.02699674905401564,-0.0069887222309399435,0.5999517723655655
lift_frac_positive,below,0.0,-0.007141530377220354,0.2736918254159634
lift_frac_negative,below,0.68,-0.007625575080129478,0.40487099107788765
lift_max,below,0.06554216867469878,-0.007676410069947418,0.40366530021702435
lift_max,below,-0.021503928170594773,-0.0076971622671251965,0.2001446829033036
lift_std,below,0.08819522628106852,-0.007806026762383284,0.7000241138172173
lift_std,below,0.06599915521344867,-0.008226600026679033,0.500361707258259
max_lift_team,below,0.061052631578947386,-0.008350151526998376,0.3064866168314444
max_lift_global,below,-0.08765714285714288,-0.008369723472799023,0.20352061731372076
lift_frac_negative,below,0.9,-0.008627694662483393,0.6028454304316373
lift_std,below,0.07610148724030669,-0.008875131262104742,0.5999517723655655
lift_frac_negative,below,0.52,-0.008943763218617076,0.3086568603809983
max_lift_team,below,0.13677419354838713,-0.009659954925452423,0.5034965034965035
lift_mean,below,0.0005070413423176592,-0.009663433703401447,0.7000241138172173
max_lift_team,below,0.1,-0.00996698211938725,0.4024596093561611
lift_mean,below,0.022388077697605993,-0.010091920573042477,0.7998553170966964
lift_max,below,0.12000000000000002,-0.010384333250118446,0.5022908126356402
max_lift_intersection,below,0.14000000000000004,-0.01063712219897885,0.4007716421509525
score_lift_corr,below,0.21991178403749934,-0.01066651782961906,0.5999517723655655
semantic_lift_corr,below,0.21991170869327925,-0.01066651782961906,0.5999517723655655
semantic_lift_corr,below,0.3276644187020074,-0.010905181528690036,0.7000241138172173
score_lift_corr,below,0.3276640501300895,-0.010905181528690036,0.7000241138172173
lift_frac_positive,below,0.56,-0.011079163143462033,0.8003375934410417
semantic_lift_corr,below,0.1315530712905901,-0.011251458356056784,0.5001205690860864
score_lift_corr,below,0.1315531880538665,-0.011251458356056784,0.5001205690860864
lift_max,below,0.1604347826086957,-0.011345622758779693,0.6004340487099108
retrieval_margin,below,0.0016210079193115234,-0.011834430049953042,0.2006269592476489
max_lift_class,below,0.17450000000000002,-0.011955789563230127,0.5223052809259706
max_lift_intersection,below,0.1748777777777778,-0.01217980521962618,0.5001205690860864
lift_min,below,-0.15002195375722532,-0.012211797240163033,0.7998553170966964
semantic_lift_corr,below,0.46039939831245913,-0.012292105420680112,0.7998553170966964
score_lift_corr,below,0.46040000188385377,-0.012292105420680112,0.7998553170966964
score_lift_corr,below,0.051592622803338324,-0.012482127174285915,0.40004822763443454
semantic_lift_corr,below,0.051592429993373504,-0.012482127174285915,0.40004822763443454
max_lift_team,below,0.17375431034482758,-0.012488818402020995,0.6009163250542561
lift_min,below,-0.2,-0.012601778972089967,0.7296841089944538
lift_min,below,-0.2,-0.012601778972089967,0.7296841089944538
lift_min,below,-0.2,-0.012601778972089967,0.7296841089944538
lift_min,below,-0.2,-0.012601778972089967,0.7296841089944538
lift_min,below,-0.2,-0.012601778972089967,0.7296841089944538
lift_min,below,-0.2,-0.012601778972089967,0.7296841089944538
lift_std,below,0.10532819268880146,-0.012682187848632124,0.7998553170966964
retrieval_margin,below,0.0587955117225647,-0.013369116328489588,0.8025078369905956
top5_std_score,below,0.05742393723819566,-0.013414224877878071,0.8025078369905956
max_lift_global,below,-0.0724324324324324,-0.013430774642173888,0.31420303834096935
n_candidates,below,100.0,-0.013438702785763246,1.0
n_candidates,below,100.0,-0.013438702785763246,1.0
n_candidates,below,100.0,-0.013438702785763246,1.0
coverage_intersection,below,1.0,-0.013438702785763246,1.0
max_lift_team,below,0.2,-0.013438702785763246,1.0
coverage_intersection,below,1.0,-0.013438702785763246,1.0
n_candidates,below,100.0,-0.013438702785763246,1.0
coverage_global,below,1.0,-0.013438702785763246,1.0
coverage_global,below,1.0,-0.013438702785763246,1.0
coverage_global,below,1.0,-0.013438702785763246,1.0
coverage_global,below,1.0,-0.013438702785763246,1.0
lift_frac_negative,below,1.0,-0.013438702785763246,1.0
lift_max,below,0.2,-0.013438702785763246,1.0
n_top_changed,below,5.0,-0.013438702785763246,1.0
coverage_team,below,1.0,-0.013438702785763246,1.0
coverage_team,below,1.0,-0.013438702785763246,1.0
coverage_team,below,1.0,-0.013438702785763246,1.0
coverage_team,below,1.0,-0.013438702785763246,1.0
coverage_class,below,1.0,-0.013438702785763246,1.0
coverage_class,below,1.0,-0.013438702785763246,1.0
coverage_class,below,1.0,-0.013438702785763246,1.0
max_lift_class,below,0.2,-0.013438702785763246,1.0
max_lift_intersection,below,0.2,-0.013438702785763246,1.0
max_lift_intersection,below,0.2,-0.013438702785763246,1.0
coverage_intersection,below,1.0,-0.013438702785763246,1.0
coverage_intersection,below,1.0,-0.013438702785763246,1.0
max_lift_intersection,below,0.2,-0.013438702785763246,1.0
coverage_team,below,1.0,-0.013438702785763246,1.0
coverage_team,below,1.0,-0.013438702785763246,1.0
coverage_intersection,below,1.0,-0.013438702785763246,1.0
max_lift_team,below,0.2,-0.013438702785763246,1.0
coverage_global,below,1.0,-0.013438702785763246,1.0
coverage_global,below,1.0,-0.013438702785763246,1.0
max_lift_class,below,0.2,-0.013438702785763246,1.0
coverage_class,below,1.0,-0.013438702785763246,1.0
coverage_class,below,1.0,-0.013438702785763246,1.0
coverage_class,below,1.0,-0.013438702785763246,1.0
coverage_class,below,1.0,-0.013438702785763246,1.0
coverage_global,below,1.0,-0.013438702785763246,1.0
n_candidates,below,100.0,-0.013438702785763246,1.0
n_candidates,below,100.0,-0.013438702785763246,1.0
n_candidates,below,100.0,-0.013438702785763246,1.0
intervention_scale,below,1.0,-0.013459715025631066,0.9980708946226188
intervention_scale,below,1.0,-0.013459715025631066,0.9980708946226188
intervention_scale,below,1.0,-0.013459715025631066,0.9980708946226188
intervention_scale,below,1.0,-0.013459715025631066,0.9980708946226188
intervention_scale,below,1.0,-0.013459715025631066,0.9980708946226188
score_lift_corr,below,-0.01948896781794892,-0.014241535118654143,0.29997588618278276
semantic_lift_corr,below,-0.019488924723070983,-0.014241535118654143,0.29997588618278276
pool_std,below,0.07709667293188986,-0.014291192490040667,0.7021943573667712
semantic_std,below,0.07709667668190566,-0.014291192490040667,0.7021943573667712
semantic_std,below,0.09029399675201569,-0.014317041682045747,0.8025078369905956
pool_std,below,0.0902939851706089,-0.014317041682045747,0.8025078369905956
retrieval_margin,below,0.035223960876464844,-0.014329454511015968,0.7021943573667712
max_lift_global,below,0.13937070738164134,-0.014396526921052717,0.8041958041958042
max_lift_global,below,0.0994306974726109,-0.015114082381477809,0.7005063901615626
evidence_team_top5,below,209.0,-0.015187333182330473,0.7009886665059079
evidence_intersection_top5,below,158.0,-0.01526874526508722,0.8010610079575596
score_lift_corr,below,-0.09638245778736473,-0.01541328407718039,0.2001446829033036
semantic_lift_corr,below,-0.09638244407986167,-0.01541328407718039,0.2001446829033036
evidence_team_top5,below,252.0,-0.015553102417360997,0.802990113334941
top5_std_score,below,0.041568849690203066,-0.015572872269770196,0.7021943573667712
max_lift_class,below,0.19276190476190475,-0.015574126994614145,0.6016397395707741
semantic_std,below,0.0669267853062606,-0.01650516205443254,0.6018808777429467
pool_std,below,0.06692678911074529,-0.01650516205443254,0.6018808777429467
top5_std_score,below,0.03172232532683052,-0.01661218940935021,0.6018808777429467
retrieval_margin,below,0.003527343273162842,-0.01690841448312068,0.30094043887147337
lift_max,below,0.19430999999999998,-0.016953209328391276,0.7021943573667712
max_lift_global,below,0.04535433070866146,-0.017081325856215527,0.6004340487099108
top5_std_score,below,0.023897496287855414,-0.017218042538737804,0.5015673981191222
semantic_std,below,0.05711425190068212,-0.01763567756317971,0.5015673981191222
pool_std,below,0.05711426616837204,-0.01763567756317971,0.5015673981191222
max_lift_global,below,-0.008749999999999992,-0.01780522613909005,0.5008439836026043
pool_std,below,0.04833901015749494,-0.018216871574057537,0.4012539184952978
semantic_std,below,0.04833900795438348,-0.018216871574057537,0.4012539184952978
retrieval_margin,below,0.0233917236328125,-0.018248613156631593,0.6018808777429467
max_lift_global,below,-0.04588978328173376,-0.018576204517152414,0.40004822763443454
top5_std_score,below,0.017711664372854968,-0.018893480984516996,0.4012539184952978
retrieval_margin,below,0.013376355171203613,-0.01897465148844114,0.5015673981191222
pool_std,below,0.039682468487553774,-0.019823909730207843,0.30094043887147337
semantic_std,below,0.039682450563778206,-0.019823909730207843,0.30094043887147337
retrieval_margin,below,0.007025480270385742,-0.020253317496641186,0.4012539184952978
pool_std,below,0.023002234093417135,-0.02064250746918409,0.2006269592476489
semantic_std,below,0.02300222556048268,-0.02064250746918409,0.2006269592476489
top5_std_score,below,0.01115018267758309,-0.022406538803339694,0.30094043887147337
top5_std_score,below,0.0033085634208992586,-0.023472157033209286,0.2006269592476489
