fraction,n_keep,lift,routing,mean_delta_top1_mean,mean_delta_top1_std,mean_delta_top1_count,mean_delta_best5_mean,mean_delta_best5_std,mean_delta_best5_count,pct_top1_changed_mean,pct_top1_changed_std,pct_top1_changed_count,coverage_global_mean,coverage_global_std,coverage_global_count,coverage_class_mean,coverage_class_std,coverage_class_count,coverage_team_mean,coverage_team_std,coverage_team_count,coverage_intersection_mean,coverage_intersection_std,coverage_intersection_count,mean_delta_top1_ci_low,mean_delta_top1_ci_high,mean_delta_best5_ci_low,mean_delta_best5_ci_high,pct_top1_changed_ci_low,pct_top1_changed_ci_high,coverage_global_ci_low,coverage_global_ci_high,coverage_class_ci_low,coverage_class_ci_high,coverage_team_ci_low,coverage_team_ci_high,coverage_intersection_ci_low,coverage_intersection_ci_high
0.01,8,laplace,M1_global,-0.04570046040144834,0.0239812733159882,10,-0.03036784611899277,0.023452896526979912,10,0.39905956112852664,0.04670858083247994,10,0.7436927899686521,0.06908475933187413,10,0.3574420062695925,0.06222321832355775,10,0.24311598746081503,0.06674675273391967,10,0.1557115987460815,0.06405438556116766,10,-0.06056420759587848,-0.030836713207018196,-0.04490410198668056,-0.01583159025130498,0.3701092827944015,0.4280098394626518,0.7008736125143663,0.7865119674229378,0.3188756559929127,0.3960083565462723,0.20174592150920068,0.2844860534124294,0.11601027925688659,0.19541291823527643
0.01,8,laplace,M2_team,-0.015235664725864195,0.016169181084097446,10,-0.010513151845775054,0.011060775488226577,10,0.12413793103448276,0.04359258264025217,10,0.7436927899686521,0.06908475933187413,10,0.3574420062695925,0.06222321832355775,10,0.24311598746081503,0.06674675273391967,10,0.1557115987460815,0.06405438556116766,10,-0.02525742699045406,-0.005213902461274331,-0.017368691518964207,-0.0036576121725859015,0.09711896838894934,0.15115689368001617,0.7008736125143663,0.7865119674229378,0.3188756559929127,0.3960083565462723,0.20174592150920068,0.2844860534124294,0.11601027925688659,0.19541291823527643
0.01,8,laplace,M4_intersection,-0.010558105463331396,0.015504566227800793,10,-0.0075237594007698345,0.01147286171624794,10,0.0755485893416928,0.04032002819968973,10,0.7436927899686521,0.06908475933187413,10,0.3574420062695925,0.06222321832355775,10,0.24311598746081503,0.06674675273391967,10,0.1557115987460815,0.06405438556116766,10,-0.020167935172235404,-0.0009482757544273853,-0.014634712764254248,-0.00041280603728542035,0.050557976952778166,0.10053920173060743,0.7008736125143663,0.7865119674229378,0.3188756559929127,0.3960083565462723,0.20174592150920068,0.2844860534124294,0.11601027925688659,0.19541291823527643
0.01,8,laplace,M5_backoff2,-0.03327597532666589,0.026252074748847814,10,-0.01563039569645466,0.018788663903283483,10,0.2749216300940439,0.03758997014854893,10,0.7436927899686521,0.06908475933187413,10,0.3574420062695925,0.06222321832355775,10,0.24311598746081503,0.06674675273391967,10,0.1557115987460815,0.06405438556116766,10,-0.04954717983089085,-0.017004770822440927,-0.027275730233104672,-0.003985061159804647,0.251623125216002,0.2982201349720858,0.7008736125143663,0.7865119674229378,0.3188756559929127,0.3960083565462723,0.20174592150920068,0.2844860534124294,0.11601027925688659,0.19541291823527643
0.01,8,laplace_eb,M1_global,-0.05531537112981362,0.022867951691243147,10,-0.039948816695557124,0.021808022819983494,10,0.441692789968652,0.056396330891860726,10,0.7436927899686521,0.06908475933187413,10,0.3574420062695925,0.06222321832355775,10,0.24311598746081503,0.06674675273391967,10,0.1557115987460815,0.06405438556116766,10,-0.06948907443215109,-0.04114166782747615,-0.053465569277268025,-0.026432064113846222,0.40673798193887223,0.4766475979984318,0.7008736125143663,0.7865119674229378,0.3188756559929127,0.3960083565462723,0.20174592150920068,0.2844860534124294,0.11601027925688659,0.19541291823527643
0.01,8,laplace_eb,M2_team,-0.01891464422629171,0.017666449912048552,10,-0.01781912034488397,0.014764781687527342,10,0.15768025078369904,0.05634984560246293,10,0.7436927899686521,0.06908475933187413,10,0.3574420062695925,0.06222321832355775,10,0.24311598746081503,0.06674675273391967,10,0.1557115987460815,0.06405438556116766,10,-0.029864423324997242,-0.007964865127586176,-0.026970426845279224,-0.008667813844488715,0.12275425463478828,0.1926062469326098,0.7008736125143663,0.7865119674229378,0.3188756559929127,0.3960083565462723,0.20174592150920068,0.2844860534124294,0.11601027925688659,0.19541291823527643
0.01,8,laplace_eb,M4_intersection,-0.009896076386531692,0.01629117397988035,10,-0.01240552714252173,0.015407485114624316,10,0.09843260188087774,0.04726975221775359,10,0.7436927899686521,0.06908475933187413,10,0.3574420062695925,0.06222321832355775,10,0.24311598746081503,0.06674675273391967,10,0.1557115987460815,0.06405438556116766,10,-0.019993450631292126,0.00020129785822874113,-0.02195518535408298,-0.0028558689309604816,0.06913450591865795,0.12773069784309754,0.7008736125143663,0.7865119674229378,0.3188756559929127,0.3960083565462723,0.20174592150920068,0.2844860534124294,0.11601027925688659,0.19541291823527643
0.01,8,laplace_eb,M5_backoff2,-0.048655400510445285,0.022795433142162452,10,-0.026010621054138882,0.018258542845543315,10,0.3153605015673981,0.051386865729944865,10,0.7436927899686521,0.06908475933187413,10,0.3574420062695925,0.06222321832355775,10,0.24311598746081503,0.06674675273391967,10,0.1557115987460815,0.06405438556116766,10,-0.06278415635039243,-0.03452664467049813,-0.03732738315508589,-0.014693858953191875,0.28351059221271824,0.34721041092207794,0.7008736125143663,0.7865119674229378,0.3188756559929127,0.3960083565462723,0.20174592150920068,0.2844860534124294,0.11601027925688659,0.19541291823527643
0.02,17,laplace,M1_global,-0.07334378752565496,0.014700730224779662,10,-0.04626821904533709,0.01611052578982257,10,0.5379310344827586,0.03261795279436014,10,0.8946489028213167,0.04694966242991438,10,0.5502068965517242,0.05859919140434107,10,0.4257115987460815,0.059788266602395564,10,0.2770376175548589,0.05323349483377015,10,-0.08245539451813959,-0.06423218053317033,-0.05625362638188669,-0.036282811708787485,0.5177142178881203,0.5581478510773968,0.8655492005650219,0.9237486050776115,0.513886741430876,0.5865270516725724,0.38865444718195996,0.46276875031020304,0.24404315562369694,0.31003207948602085
0.02,17,laplace,M2_team,-0.023960866582898137,0.015402952181186175,10,-0.01677690924241625,0.011636968114850644,10,0.22946708463949844,0.04515751084019457,10,0.8946489028213167,0.04694966242991438,10,0.5502068965517242,0.05859919140434107,10,0.4257115987460815,0.059788266602395564,10,0.2770376175548589,0.05323349483377015,10,-0.03350771525320668,-0.014414017912589595,-0.023989576805546302,-0.0095642416792862,0.20147816944662172,0.25745599983237516,0.8655492005650219,0.9237486050776115,0.513886741430876,0.5865270516725724,0.38865444718195996,0.46276875031020304,0.24404315562369694,0.31003207948602085
0.02,17,laplace,M4_intersection,-0.017276375822512707,0.015297553352321785,10,-0.010282126153150696,0.012225063805150942,10,0.15109717868338557,0.04922949948039333,10,0.8946489028213167,0.04694966242991438,10,0.5502068965517242,0.05859919140434107,10,0.4257115987460815,0.059788266602395564,10,0.2770376175548589,0.05323349483377015,10,-0.026757897621883797,-0.007794854023141616,-0.01785929920152242,-0.0027049531047789715,0.12058441878347431,0.18160993858329683,0.8655492005650219,0.9237486050776115,0.513886741430876,0.5865270516725724,0.38865444718195996,0.46276875031020304,0.24404315562369694,0.31003207948602085
0.02,17,laplace,M5_backoff2,-0.053729183053989014,0.01993919929909938,10,-0.043002949164578905,0.01837735759746616,10,0.4413793103448276,0.03898030853137705,10,0.8946489028213167,0.04694966242991438,10,0.5502068965517242,0.05859919140434107,10,0.4257115987460815,0.059788266602395564,10,0.2770376175548589,0.05323349483377015,10,-0.06608762681700565,-0.04137073929097237,-0.05439335341172391,-0.0316125449174339,0.4172190648091997,0.4655395558804555,0.8655492005650219,0.9237486050776115,0.513886741430876,0.5865270516725724,0.38865444718195996,0.46276875031020304,0.24404315562369694,0.31003207948602085
0.02,17,laplace_eb,M1_global,-0.073413035030649,0.018003898467507582,10,-0.050955122284194146,0.01721214793109695,10,0.5595611285266457,0.04020612958740016,10,0.8946489028213167,0.04694966242991438,10,0.5502068965517242,0.05859919140434107,10,0.4257115987460815,0.059788266602395564,10,0.2770376175548589,0.05323349483377015,10,-0.08457196691091783,-0.062254103150380165,-0.061623322097854316,-0.040286922470533976,0.5346411112290159,0.5844811458242756,0.8655492005650219,0.9237486050776115,0.513886741430876,0.5865270516725724,0.38865444718195996,0.46276875031020304,0.24404315562369694,0.31003207948602085
0.02,17,laplace_eb,M2_team,-0.03142943702357877,0.017703999726639708,10,-0.02279921459927454,0.015789322485915944,10,0.2699059561128527,0.04138907244757959,10,0.8946489028213167,0.04694966242991438,10,0.5502068965517242,0.05859919140434107,10,0.4257115987460815,0.059788266602395564,10,0.2770376175548589,0.05323349483377015,10,-0.04240248973849002,-0.02045638430866752,-0.032585538065490166,-0.013012891133058917,0.24425274323434265,0.2955591689913627,0.8655492005650219,0.9237486050776115,0.513886741430876,0.5865270516725724,0.38865444718195996,0.46276875031020304,0.24404315562369694,0.31003207948602085
0.02,17,laplace_eb,M4_intersection,-0.017825168762414433,0.018104843080907183,10,-0.01544402506097357,0.01623268329532924,10,0.18369905956112853,0.04643074299518936,10,0.8946489028213167,0.04694966242991438,10,0.5502068965517242,0.05859919140434107,10,0.4257115987460815,0.059788266602395564,10,0.2770376175548589,0.05323349483377015,10,-0.02904666676227337,-0.006603670762555493,-0.025505146403857558,-0.005382903718089584,0.154920986902662,0.21247713221959505,0.8655492005650219,0.9237486050776115,0.513886741430876,0.5865270516725724,0.38865444718195996,0.46276875031020304,0.24404315562369694,0.31003207948602085
0.02,17,laplace_eb,M5_backoff2,-0.06851007932487607,0.01803057525079897,10,-0.051238678253276215,0.01606799937610127,10,0.45799373040752356,0.041782912890183946,10,0.8946489028213167,0.04694966242991438,10,0.5502068965517242,0.05859919140434107,10,0.4257115987460815,0.059788266602395564,10,0.2770376175548589,0.05323349483377015,10,-0.07968554564673101,-0.05733461300302113,-0.061197727445522536,-0.041279629061029895,0.4320964126936831,0.483891048121364,0.8655492005650219,0.9237486050776115,0.513886741430876,0.5865270516725724,0.38865444718195996,0.46276875031020304,0.24404315562369694,0.31003207948602085
0.05,43,laplace,M1_global,-0.07790500764562792,0.010563076920003724,10,-0.04974261581383903,0.010466511760880225,10,0.6404388714733542,0.029924125547608506,10,0.9780564263322884,0.0237128589673584,10,0.7505391849529781,0.03292309806054448,10,0.6565203761755486,0.03792416264024654,10,0.4765235109717868,0.04280653367948669,10,-0.08445207055031445,-0.0713579447409414,-0.05622982701281797,-0.043255404614860084,0.6218917063043761,0.6589860366423324,0.963359044074733,0.9927538085898437,0.7301332373629011,0.7709451325430551,0.6330147366451712,0.680026015705926,0.4499917465196651,0.5030552754239085
0.05,43,laplace,M2_team,-0.03789391807721326,0.01796050899067379,10,-0.03364194534882482,0.016852177570250072,10,0.40501567398119126,0.04013953947731493,10,0.9780564263322884,0.0237128589673584,10,0.7505391849529781,0.03292309806054448,10,0.6565203761755486,0.03792416264024654,10,0.4765235109717868,0.04280653367948669,10,-0.04902595688111963,-0.026761879273306897,-0.04408703322132094,-0.023196857476328707,0.38013692966139356,0.42989441830098896,0.963359044074733,0.9927538085898437,0.7301332373629011,0.7709451325430551,0.6330147366451712,0.680026015705926,0.4499917465196651,0.5030552754239085
0.05,43,laplace,M4_intersection,-0.021048155285674948,0.014411930769583803,10,-0.021620895851368442,0.014991653791038374,10,0.27774294670846394,0.04531199497185976,10,0.9780564263322884,0.0237128589673584,10,0.7505391849529781,0.03292309806054448,10,0.6565203761755486,0.03792416264024654,10,0.4765235109717868,0.04280653367948669,10,-0.029980762521334383,-0.012115548050015513,-0.030912819138354773,-0.012328972564382111,0.24965828125877784,0.3058276121581501,0.963359044074733,0.9927538085898437,0.7301332373629011,0.7709451325430551,0.6330147366451712,0.680026015705926,0.4499917465196651,0.5030552754239085
0.05,43,laplace,M5_backoff2,-0.07343640901311813,0.006747211585873392,10,-0.0565944457829559,0.016914166832108328,10,0.5921630094043887,0.04034709952555394,10,0.9780564263322884,0.0237128589673584,10,0.7505391849529781,0.03292309806054448,10,0.6565203761755486,0.03792416264024654,10,0.4765235109717868,0.04280653367948669,10,-0.07761837408053972,-0.06925444394569653,-0.06707795499800918,-0.046110936567902626,0.5671556180338678,0.6171704007749096,0.963359044074733,0.9927538085898437,0.7301332373629011,0.7709451325430551,0.6330147366451712,0.680026015705926,0.4499917465196651,0.5030552754239085
0.05,43,laplace_eb,M1_global,-0.07954554983697901,0.013288304828555884,10,-0.053283497037185025,0.01438065465771846,10,0.6391849529780564,0.026618093686963988,10,0.9780564263322884,0.0237128589673584,10,0.7505391849529781,0.03292309806054448,10,0.6565203761755486,0.03792416264024654,10,0.4765235109717868,0.04280653367948669,10,-0.08778172649914558,-0.07130937317481244,-0.06219671913787411,-0.04437027493649594,0.6226868875856356,0.6556830183704773,0.963359044074733,0.9927538085898437,0.7301332373629011,0.7709451325430551,0.6330147366451712,0.680026015705926,0.4499917465196651,0.5030552754239085
0.05,43,laplace_eb,M2_team,-0.04355991666313249,0.014769728287918057,10,-0.04044517271664449,0.01332175758234134,10,0.4238244514106583,0.0352128157387371,10,0.9780564263322884,0.0237128589673584,10,0.7505391849529781,0.03292309806054448,10,0.6565203761755486,0.03792416264024654,10,0.4765235109717868,0.04280653367948669,10,-0.052714289098213976,-0.034405544228051005,-0.04870208361042057,-0.03218826182286841,0.40199932210046047,0.4456495807208561,0.963359044074733,0.9927538085898437,0.7301332373629011,0.7709451325430551,0.6330147366451712,0.680026015705926,0.4499917465196651,0.5030552754239085
0.05,43,laplace_eb,M4_intersection,-0.021104186919275496,0.014163602716728736,10,-0.023745049129832874,0.01328734872908542,10,0.3047021943573668,0.04353242725376544,10,0.9780564263322884,0.0237128589673584,10,0.7505391849529781,0.03292309806054448,10,0.6565203761755486,0.03792416264024654,10,0.4765235109717868,0.04280653367948669,10,-0.02988287883316334,-0.012325495005387653,-0.03198063319540817,-0.015509465064257582,0.27772051640665923,0.33168387230807433,0.963359044074733,0.9927538085898437,0.7301332373629011,0.7709451325430551,0.6330147366451712,0.680026015705926,0.4499917465196651,0.5030552754239085
0.05,43,laplace_eb,M5_backoff2,-0.07759680358874013,0.009617824080222626,10,-0.05929172977244592,0.016443980944136422,10,0.5758620689655173,0.027009018236495076,10,0.9780564263322884,0.0237128589673584,10,0.7505391849529781,0.03292309806054448,10,0.6565203761755486,0.03792416264024654,10,0.4765235109717868,0.04280653367948669,10,-0.08355799271349036,-0.0716356144639899,-0.06948381475488584,-0.049099644790006,0.5591217060270169,0.5926024319040176,0.963359044074733,0.9927538085898437,0.7301332373629011,0.7709451325430551,0.6330147366451712,0.680026015705926,0.4499917465196651,0.5030552754239085
0.1,87,laplace,M1_global,-0.07702292480555635,0.00793913000831098,10,-0.055705179007823194,0.008464145074613565,10,0.6216300940438872,0.033308593000976786,10,0.9957147335423198,0.0026895605828816957,10,0.8579404388714733,0.02026262630453798,10,0.7822100313479623,0.026579191315539603,10,0.6169655172413793,0.029649372068486342,10,-0.08194364856498138,-0.07210220104613133,-0.060951310476670635,-0.05045904753897575,0.6009852142143158,0.6422749738734587,0.9940477266223242,0.9973817404623153,0.8453815329736339,0.8704993447693127,0.7657360778951577,0.7986839848007669,0.5985886460430611,0.6353423884396975
0.1,87,laplace,M2_team,-0.047616551782597195,0.009395396886516685,10,-0.04576957131908231,0.01019931911066238,10,0.4855799373040752,0.015246701330801261,10,0.9957147335423198,0.0026895605828816957,10,0.8579404388714733,0.02026262630453798,10,0.7822100313479623,0.026579191315539603,10,0.6169655172413793,0.029649372068486342,10,-0.05343987910439606,-0.041793224460798334,-0.05209117479770722,-0.039447967840457406,0.47612993391418335,0.4950299406939671,0.9940477266223242,0.9973817404623153,0.8453815329736339,0.8704993447693127,0.7657360778951577,0.7986839848007669,0.5985886460430611,0.6353423884396975
0.1,87,laplace,M4_intersection,-0.034351541954428425,0.011411271439139148,10,-0.0307686496584393,0.015301209400664716,10,0.38275862068965516,0.015246701330801273,10,0.9957147335423198,0.0026895605828816957,10,0.8579404388714733,0.02026262630453798,10,0.7822100313479623,0.026579191315539603,10,0.6169655172413793,0.029649372068486342,10,-0.04142432126866544,-0.027278762640191415,-0.04025243750005027,-0.021284861816828336,0.3733086172997633,0.39220862407954704,0.9940477266223242,0.9973817404623153,0.8453815329736339,0.8704993447693127,0.7657360778951577,0.7986839848007669,0.5985886460430611,0.6353423884396975
0.1,87,laplace,M5_backoff2,-0.0640325083674682,0.014557537465385607,10,-0.05884704762678535,0.017175023235094993,10,0.6297805642633229,0.015174917969118575,10,0.9957147335423198,0.0026895605828816957,10,0.8579404388714733,0.02026262630453798,10,0.7822100313479623,0.026579191315539603,10,0.6169655172413793,0.029649372068486342,10,-0.0730553635681834,-0.055009653166752985,-0.06949223731547124,-0.04820185793809946,0.6203750526619511,0.6391860758646946,0.9940477266223242,0.9973817404623153,0.8453815329736339,0.8704993447693127,0.7657360778951577,0.7986839848007669,0.5985886460430611,0.6353423884396975
0.1,87,laplace_eb,M1_global,-0.08763886771185272,0.013585165323028997,10,-0.06717385032147075,0.009600778627513186,10,0.638871473354232,0.024452303746338593,10,0.9957147335423198,0.0026895605828816957,10,0.8579404388714733,0.02026262630453798,10,0.7822100313479623,0.026579191315539603,10,0.6169655172413793,0.029649372068486342,10,-0.09605904041475163,-0.07921869500895382,-0.07312447456517611,-0.061223226077765376,0.6237157784743992,0.6540271682340648,0.9940477266223242,0.9973817404623153,0.8453815329736339,0.8704993447693127,0.7657360778951577,0.7986839848007669,0.5985886460430611,0.6353423884396975
0.1,87,laplace_eb,M2_team,-0.049346069802404566,0.00810349250342373,10,-0.04541737078499271,0.011753627274275707,10,0.506896551724138,0.022607752121369347,10,0.9957147335423198,0.0026895605828816957,10,0.8579404388714733,0.02026262630453798,10,0.7822100313479623,0.026579191315539603,10,0.6169655172413793,0.029649372068486342,10,-0.05436866649173665,-0.044323473113072484,-0.05270234444424872,-0.0381323971257367,0.49288412178605195,0.5209089816622239,0.9940477266223242,0.9973817404623153,0.8453815329736339,0.8704993447693127,0.7657360778951577,0.7986839848007669,0.5985886460430611,0.6353423884396975
0.1,87,laplace_eb,M4_intersection,-0.03195417454542131,0.011390270869472243,10,-0.029263286633551305,0.01469906686462351,10,0.3915360501567398,0.028633808386035464,10,0.9957147335423198,0.0026895605828816957,10,0.8579404388714733,0.02026262630453798,10,0.7822100313479623,0.026579191315539603,10,0.6169655172413793,0.029649372068486342,10,-0.03901393757172586,-0.024894411519116755,-0.03837386266473006,-0.02015271060237255,0.3737886318501382,0.4092834684633414,0.9940477266223242,0.9973817404623153,0.8453815329736339,0.8704993447693127,0.7657360778951577,0.7986839848007669,0.5985886460430611,0.6353423884396975
0.1,87,laplace_eb,M5_backoff2,-0.0667011933897543,0.01095832921566287,10,-0.06324636198603621,0.013559396079899803,10,0.5981191222570532,0.024228007099167323,10,0.9957147335423198,0.0026895605828816957,10,0.8579404388714733,0.02026262630453798,10,0.7822100313479623,0.026579191315539603,10,0.6169655172413793,0.029649372068486342,10,-0.07349323620536069,-0.05990915057414792,-0.07165056274656921,-0.054842161225503214,0.5831024478794341,0.6131357966346723,0.9940477266223242,0.9973817404623153,0.8453815329736339,0.8704993447693127,0.7657360778951577,0.7986839848007669,0.5985886460430611,0.6353423884396975
0.25,219,laplace,M1_global,-0.06238494889232619,0.01445130712920399,10,-0.054592085636708435,0.012683531082401405,10,0.5181818181818182,0.03347209581443356,10,0.9998746081504702,0.00012967266087761893,10,0.9410752351097178,0.010540200931065483,10,0.8916238244514106,0.015726063243566426,10,0.7812633228840126,0.024723155050000254,10,-0.0713419618485293,-0.05342793593612308,-0.06245341964751856,-0.046730751625898306,0.49743559825855044,0.5389280381050859,0.9997942362025792,0.9999549800983613,0.9345423508898709,0.9476081193295647,0.8818767094698157,0.9013709394330056,0.7659397526269276,0.7965868931410975
0.25,219,laplace,M2_team,-0.06599222332192438,0.011804369244442944,10,-0.05494416088893496,0.012095106350192272,10,0.5739811912225705,0.019293079897885788,10,0.9998746081504702,0.00012967266087761893,10,0.9410752351097178,0.010540200931065483,10,0.8916238244514106,0.015726063243566426,10,0.7812633228840126,0.024723155050000254,10,-0.07330864718012418,-0.05867579946372458,-0.06244078547221541,-0.04744753630565451,0.5620232164134127,0.5859391660317284,0.9997942362025792,0.9999549800983613,0.9345423508898709,0.9476081193295647,0.8818767094698157,0.9013709394330056,0.7659397526269276,0.7965868931410975
0.25,219,laplace,M4_intersection,-0.048263587522375924,0.013091156462023159,10,-0.04987427144308449,0.009052023805005383,10,0.4699059561128527,0.018305706985149127,10,0.9998746081504702,0.00012967266087761893,10,0.9410752351097178,0.010540200931065483,10,0.8916238244514106,0.015726063243566426,10,0.7812633228840126,0.024723155050000254,10,-0.05637757036099837,-0.040149604683753476,-0.055484773924029146,-0.044263768962139835,0.4585599613753185,0.48125195085038686,0.9997942362025792,0.9999549800983613,0.9345423508898709,0.9476081193295647,0.8818767094698157,0.9013709394330056,0.7659397526269276,0.7965868931410975
0.25,219,laplace,M5_backoff2,-0.066677295532206,0.013038435620731328,10,-0.05820349190956373,0.010630016964449682,10,0.603448275862069,0.023701768489474962,10,0.9998746081504702,0.00012967266087761893,10,0.9410752351097178,0.010540200931065483,10,0.8916238244514106,0.015726063243566426,10,0.7812633228840126,0.024723155050000254,10,-0.07475860165485453,-0.058595989409557465,-0.06479204468364619,-0.05161493913548127,0.5887577675539221,0.6181387841702158,0.9997942362025792,0.9999549800983613,0.9345423508898709,0.9476081193295647,0.8818767094698157,0.9013709394330056,0.7659397526269276,0.7965868931410975
0.25,219,laplace_eb,M1_global,-0.08639999819119523,0.010842783119795606,10,-0.06937266996474849,0.012078543198717333,10,0.6489028213166145,0.012625962354853264,10,0.9998746081504702,0.00012967266087761893,10,0.9410752351097178,0.010540200931065483,10,0.8916238244514106,0.015726063243566426,10,0.7812633228840126,0.024723155050000254,10,-0.0931204247946162,-0.07967957158777426,-0.07685902860038626,-0.06188631132911071,0.6410771687728101,0.6567284738604189,0.9997942362025792,0.9999549800983613,0.9345423508898709,0.9476081193295647,0.8818767094698157,0.9013709394330056,0.7659397526269276,0.7965868931410975
0.25,219,laplace_eb,M2_team,-0.061809007568886284,0.014515435398840265,10,-0.052193482958224124,0.009847552298864642,10,0.5589341692789969,0.01982894567337196,10,0.9998746081504702,0.00012967266087761893,10,0.9410752351097178,0.010540200931065483,10,0.8916238244514106,0.015726063243566426,10,0.7812633228840126,0.024723155050000254,10,-0.07080576763840278,-0.05281224749936979,-0.05829705910806385,-0.0460899068083844,0.5466440614211879,0.5712242771368058,0.9997942362025792,0.9999549800983613,0.9345423508898709,0.9476081193295647,0.8818767094698157,0.9013709394330056,0.7659397526269276,0.7965868931410975
0.25,219,laplace_eb,M4_intersection,-0.040594875866249436,0.012099210792883236,10,-0.04061179699195216,0.005646731246240614,10,0.43636363636363634,0.02145548634099996,10,0.9998746081504702,0.00012967266087761893,10,0.9410752351097178,0.010540200931065483,10,0.8916238244514106,0.015726063243566426,10,0.7812633228840126,0.024723155050000254,10,-0.048094044409465984,-0.03309570732303289,-0.0441116772782526,-0.03711191670565171,0.4230653881553747,0.449661884571898,0.9997942362025792,0.9999549800983613,0.9345423508898709,0.9476081193295647,0.8818767094698157,0.9013709394330056,0.7659397526269276,0.7965868931410975
0.25,219,laplace_eb,M5_backoff2,-0.06170510846105489,0.012291264686764686,10,-0.05473270933829879,0.00812953457422699,10,0.5492163009404389,0.0190853919445448,10,0.9998746081504702,0.00012967266087761893,10,0.9410752351097178,0.010540200931065483,10,0.8916238244514106,0.015726063243566426,10,0.7812633228840126,0.024723155050000254,10,-0.06932331324095269,-0.05408690368115709,-0.059771447070341106,-0.04969397160625647,0.5373870524584078,0.5610455494224701,0.9997942362025792,0.9999549800983613,0.9345423508898709,0.9476081193295647,0.8818767094698157,0.9013709394330056,0.7659397526269276,0.7965868931410975
0.5,439,laplace,M1_global,-0.0544607693101732,0.006519180233775597,10,-0.05114213204869657,0.006493718950907932,10,0.4413793103448276,0.024762906154396858,10,1.0,0.0,10,0.9696771159874608,0.00429847134466636,10,0.9393793103448276,0.004483399174311127,10,0.8694796238244514,0.01117145482250822,10,-0.05850139908128565,-0.05042013953906075,-0.055166980753190736,-0.0471172833442024,0.4260311020979801,0.45672751859167504,1.0,1.0,0.9670128958458627,0.9723413361290588,0.9366004707469214,0.9421581499427337,0.862555484389159,0.8764037632597439
0.5,439,laplace,M2_team,-0.0645977398771851,0.00631531346739035,10,-0.05716172332954257,0.00415203259571514,10,0.5934169278996866,0.021263790143090846,10,1.0,0.0,10,0.9696771159874608,0.00429847134466636,10,0.9393793103448276,0.004483399174311127,10,0.8694796238244514,0.01117145482250822,10,-0.06851201171738334,-0.060683468036986855,-0.05973517979419987,-0.05458826686488527,0.5802374942258457,0.6065963615735275,1.0,1.0,0.9670128958458627,0.9723413361290588,0.9366004707469214,0.9421581499427337,0.862555484389159,0.8764037632597439
0.5,439,laplace,M4_intersection,-0.05040597412209713,0.005754948717516761,10,-0.06108735467666369,0.008565786678181933,10,0.5275862068965518,0.016656754880677513,10,1.0,0.0,10,0.9696771159874608,0.00429847134466636,10,0.9393793103448276,0.004483399174311127,10,0.8694796238244514,0.01117145482250822,10,-0.05397292829200144,-0.04683901995219282,-0.06639648426408348,-0.05577822508924389,0.5172622432619386,0.537910170531165,1.0,1.0,0.9670128958458627,0.9723413361290588,0.9366004707469214,0.9421581499427337,0.862555484389159,0.8764037632597439
0.5,439,laplace,M5_backoff2,-0.05708068820609942,0.006217511772088312,10,-0.0619778538922718,0.009190562652792366,10,0.5733542319749216,0.014957501030116466,10,1.0,0.0,10,0.9696771159874608,0.00429847134466636,10,0.9393793103448276,0.004483399174311127,10,0.8694796238244514,0.01117145482250822,10,-0.06093434192752634,-0.053227034484672496,-0.06767422364068722,-0.056281484143856385,0.564083476788463,0.5826249871613802,1.0,1.0,0.9670128958458627,0.9723413361290588,0.9366004707469214,0.9421581499427337,0.862555484389159,0.8764037632597439
0.5,439,laplace_eb,M1_global,-0.08855186123459316,0.0075746632126931805,10,-0.07457197379542743,0.009533174991752848,10,0.6225705329153606,0.006475207266386504,10,1.0,0.0,10,0.9696771159874608,0.00429847134466636,10,0.9393793103448276,0.004483399174311127,10,0.8694796238244514,0.01117145482250822,10,-0.09324668613370975,-0.08385703633547657,-0.08048069687157902,-0.06866325071927584,0.6185571578718035,0.6265839079589176,1.0,1.0,0.9670128958458627,0.9723413361290588,0.9366004707469214,0.9421581499427337,0.862555484389159,0.8764037632597439
0.5,439,laplace_eb,M2_team,-0.062063653267289395,0.0074671684284266515,10,-0.05473983613861766,0.0063520013257291385,10,0.5576802507836991,0.027146120732866014,10,1.0,0.0,10,0.9696771159874608,0.00429847134466636,10,0.9393793103448276,0.004483399174311127,10,0.8694796238244514,0.01117145482250822,10,-0.06669185220885132,-0.05743545432572746,-0.05867684734900144,-0.050802824928233875,0.540854910837559,0.5745055907298392,1.0,1.0,0.9670128958458627,0.9723413361290588,0.9366004707469214,0.9421581499427337,0.862555484389159,0.8764037632597439
0.5,439,laplace_eb,M4_intersection,-0.04422874298168574,0.004472089839562545,10,-0.04956290685457869,0.009714188724712754,10,0.45579937304075235,0.016600942201241798,10,1.0,0.0,10,0.9696771159874608,0.00429847134466636,10,0.9393793103448276,0.004483399174311127,10,0.8694796238244514,0.01117145482250822,10,-0.04700057298129301,-0.04145691298207847,-0.05558382340477915,-0.04354199030437823,0.4455100024632486,0.4660887436182561,1.0,1.0,0.9670128958458627,0.9723413361290588,0.9366004707469214,0.9421581499427337,0.862555484389159,0.8764037632597439
0.5,439,laplace_eb,M5_backoff2,-0.05248285873229601,0.005222183300495509,10,-0.05706959440136404,0.009143961055792712,10,0.5137931034482759,0.016285527101950532,10,1.0,0.0,10,0.9696771159874608,0.00429847134466636,10,0.9393793103448276,0.004483399174311127,10,0.8694796238244514,0.01117145482250822,10,-0.05571960147563443,-0.04924611598895759,-0.0627370801807119,-0.051402108622016184,0.5036992291747172,0.5238869777218346,1.0,1.0,0.9670128958458627,0.9723413361290588,0.9366004707469214,0.9421581499427337,0.862555484389159,0.8764037632597439
0.75,658,laplace,M1_global,-0.052830183105455675,0.0038325090162010566,10,-0.05288664122640526,0.004613356062475553,10,0.4225705329153605,0.026135838162363183,10,1.0,0.0,10,0.9795736677115988,0.0013318847094665883,10,0.9602413793103448,0.0033587390819947377,10,0.914128526645768,0.005029153994729317,10,-0.055205596803743665,-0.050454769407167685,-0.05574602893809995,-0.05002725351471057,0.40637137259383954,0.4387696932368815,1.0,1.0,0.9787481570161163,0.9803991784070814,0.9581596112595409,0.9623231473611488,0.9110114247056605,0.9172456285858755
0.75,658,laplace,M2_team,-0.06758138534370635,0.007362337941126397,10,-0.054383912551739376,0.005853264173980198,10,0.5974921630094043,0.009485313034825651,10,1.0,0.0,10,0.9795736677115988,0.0013318847094665883,10,0.9602413793103448,0.0033587390819947377,10,0.914128526645768,0.005029153994729317,10,-0.07214460967608183,-0.06301816101133087,-0.05801180327288191,-0.05075602183059684,0.5916131050814967,0.603371220937312,1.0,1.0,0.9787481570161163,0.9803991784070814,0.9581596112595409,0.9623231473611488,0.9110114247056605,0.9172456285858755
0.75,658,laplace,M4_intersection,-0.05564159828363728,0.00426411117466925,10,-0.06289115180509591,0.007255385752064395,10,0.5523510971786834,0.007650158920678402,10,1.0,0.0,10,0.9795736677115988,0.0013318847094665883,10,0.9602413793103448,0.0033587390819947377,10,0.914128526645768,0.005029153994729317,10,-0.05828452177123094,-0.05299867479604362,-0.06738808648390872,-0.05839421712628311,0.54760947955497,0.5570927148023967,1.0,1.0,0.9787481570161163,0.9803991784070814,0.9581596112595409,0.9623231473611488,0.9110114247056605,0.9172456285858755
0.75,658,laplace,M5_backoff2,-0.050301086561620044,0.004387496364793506,10,-0.061798832574888454,0.008142518338182563,10,0.564576802507837,0.011489502200546198,10,1.0,0.0,10,0.9795736677115988,0.0013318847094665883,10,0.9602413793103448,0.0033587390819947377,10,0.914128526645768,0.005029153994729317,10,-0.053020484982357514,-0.04758168814088257,-0.06684561772720428,-0.05675204742257262,0.5574555352653294,0.5716980697503447,1.0,1.0,0.9787481570161163,0.9803991784070814,0.9581596112595409,0.9623231473611488,0.9110114247056605,0.9172456285858755
0.75,658,laplace_eb,M1_global,-0.08841845157751842,0.00788004578624203,10,-0.07130231268727294,0.006908188324550792,10,0.6153605015673981,0.01507384698170388,10,1.0,0.0,10,0.9795736677115988,0.0013318847094665883,10,0.9602413793103448,0.0033587390819947377,10,0.914128526645768,0.005029153994729317,10,-0.0933025545567021,-0.08353434859833474,-0.07558405217102168,-0.0670205732035242,0.6060176344130425,0.6247033687217537,1.0,1.0,0.9787481570161163,0.9803991784070814,0.9581596112595409,0.9623231473611488,0.9110114247056605,0.9172456285858755
0.75,658,laplace_eb,M2_team,-0.06658539300007879,0.006747689160195779,10,-0.05034746558501803,0.004747356686692748,10,0.561755485893417,0.013283384394625465,10,1.0,0.0,10,0.9795736677115988,0.0013318847094665883,10,0.9602413793103448,0.0033587390819947377,10,0.914128526645768,0.005029153994729317,10,-0.07076765407113209,-0.06240313192902549,-0.0532899077440732,-0.04740502342596285,0.5535223589477964,0.5699886128390375,1.0,1.0,0.9787481570161163,0.9803991784070814,0.9581596112595409,0.9623231473611488,0.9110114247056605,0.9172456285858755
0.75,658,laplace_eb,M4_intersection,-0.042120160323605646,0.007285458653330673,10,-0.049255166083667715,0.008144152881195276,10,0.4592476489028213,0.012473705732824787,10,1.0,0.0,10,0.9795736677115988,0.0013318847094665883,10,0.9602413793103448,0.0033587390819947377,10,0.914128526645768,0.005029153994729317,10,-0.046635734379733215,-0.03760458626747808,-0.054302964336238865,-0.044207367831096564,0.45151636599104983,0.4669789318145928,1.0,1.0,0.9787481570161163,0.9803991784070814,0.9581596112595409,0.9623231473611488,0.9110114247056605,0.9172456285858755
0.75,658,laplace_eb,M5_backoff2,-0.04735180917064598,0.008409914413744427,10,-0.05067926699464972,0.007355448198709689,10,0.48934169278996864,0.013088791030404799,10,1.0,0.0,10,0.9795736677115988,0.0013318847094665883,10,0.9602413793103448,0.0033587390819947377,10,0.914128526645768,0.005029153994729317,10,-0.05256432812765034,-0.042139290213641614,-0.055238221020433576,-0.04612031296886586,0.48122917606105264,0.49745420951888464,1.0,1.0,0.9787481570161163,0.9803991784070814,0.9581596112595409,0.9623231473611488,0.9110114247056605,0.9172456285858755
1.0,878,laplace,M1_global,-0.05366657437248663,0.0,10,-0.052031096713296296,0.0,10,0.40752351097178685,0.0,10,1.0,0.0,10,0.9831034482758622,0.0,10,0.9697492163009404,0.0,10,0.9318808777429467,0.0,10,-0.05366657437248663,-0.05366657437248663,-0.052031096713296296,-0.052031096713296296,0.40752351097178685,0.40752351097178685,1.0,1.0,0.9831034482758622,0.9831034482758622,0.9697492163009404,0.9697492163009404,0.9318808777429467,0.9318808777429467
1.0,878,laplace,M2_team,-0.07404151069566747,0.0,10,-0.05604283100572126,0.0,10,0.5924764890282131,0.0,10,1.0,0.0,10,0.9831034482758622,0.0,10,0.9697492163009404,0.0,10,0.9318808777429467,0.0,10,-0.07404151069566747,-0.07404151069566747,-0.05604283100572126,-0.05604283100572126,0.5924764890282131,0.5924764890282131,1.0,1.0,0.9831034482758622,0.9831034482758622,0.9697492163009404,0.9697492163009404,0.9318808777429467,0.9318808777429467
1.0,878,laplace,M4_intersection,-0.05999795607872144,0.0,10,-0.06564575200170558,0.0,10,0.5642633228840125,0.0,10,1.0,0.0,10,0.9831034482758622,0.0,10,0.9697492163009404,0.0,10,0.9318808777429467,0.0,10,-0.05999795607872144,-0.05999795607872144,-0.06564575200170558,-0.06564575200170558,0.5642633228840125,0.5642633228840125,1.0,1.0,0.9831034482758622,0.9831034482758622,0.9697492163009404,0.9697492163009404,0.9318808777429467,0.9318808777429467
1.0,878,laplace,M5_backoff2,-0.04734813121839377,0.0,10,-0.062499928670617114,0.0,10,0.5642633228840125,0.0,10,1.0,0.0,10,0.9831034482758622,0.0,10,0.9697492163009404,0.0,10,0.9318808777429467,0.0,10,-0.04734813121839377,-0.04734813121839377,-0.062499928670617114,-0.062499928670617114,0.5642633228840125,0.5642633228840125,1.0,1.0,0.9831034482758622,0.9831034482758622,0.9697492163009404,0.9697492163009404,0.9318808777429467,0.9318808777429467
1.0,878,laplace_eb,M1_global,-0.09259146766088973,0.0,10,-0.07392142974657699,0.0,10,0.6144200626959248,0.0,10,1.0,0.0,10,0.9831034482758622,0.0,10,0.9697492163009404,0.0,10,0.9318808777429467,0.0,10,-0.09259146766088973,-0.09259146766088973,-0.07392142974657699,-0.07392142974657699,0.6144200626959248,0.6144200626959248,1.0,1.0,0.9831034482758622,0.9831034482758622,0.9697492163009404,0.9697492163009404,0.9318808777429467,0.9318808777429467
1.0,878,laplace_eb,M2_team,-0.07446185355789983,0.0,10,-0.05207819423892281,0.0,10,0.5517241379310345,0.0,10,1.0,0.0,10,0.9831034482758622,0.0,10,0.9697492163009404,0.0,10,0.9318808777429467,0.0,10,-0.07446185355789983,-0.07446185355789983,-0.05207819423892281,-0.05207819423892281,0.5517241379310345,0.5517241379310345,1.0,1.0,0.9831034482758622,0.9831034482758622,0.9697492163009404,0.9697492163009404,0.9318808777429467,0.9318808777429467
1.0,878,laplace_eb,M4_intersection,-0.046297758829350756,0.0,10,-0.058181003623621594,0.0,10,0.4545454545454545,0.0,10,1.0,0.0,10,0.9831034482758622,0.0,10,0.9697492163009404,0.0,10,0.9318808777429467,0.0,10,-0.046297758829350756,-0.046297758829350756,-0.058181003623621594,-0.058181003623621594,0.4545454545454545,0.4545454545454545,1.0,1.0,0.9831034482758622,0.9831034482758622,0.9697492163009404,0.9697492163009404,0.9318808777429467,0.9318808777429467
1.0,878,laplace_eb,M5_backoff2,-0.048870433589040675,0.0,10,-0.05921097618285391,0.0,10,0.48275862068965514,0.0,10,1.0,0.0,10,0.9831034482758622,0.0,10,0.9697492163009404,0.0,10,0.9318808777429467,0.0,10,-0.048870433589040675,-0.048870433589040675,-0.05921097618285391,-0.05921097618285391,0.48275862068965514,0.48275862068965514,1.0,1.0,0.9831034482758622,0.9831034482758622,0.9697492163009404,0.9697492163009404,0.9318808777429467,0.9318808777429467
