split,config_key,protocol,tau,policy_value
dev,backoff_eb,blind,-0.026560540303089623,0.008988054965543897
dev,backoff_eb,blind,-0.015117657644741234,0.009519651602241313
dev,backoff_eb,blind,-0.010527536860372857,0.008764617448690169
dev,backoff_eb,blind,-0.005778849007266038,0.009278435972417036
dev,backoff_eb,blind,-0.0036701271490984376,0.009386833792196172
dev,backoff_eb,blind,-0.0010758392718536972,0.009182032139323722
dev,backoff_eb,blind,0.0,0.008922056017624547
dev,backoff_eb,blind,0.0014576765687971175,0.007894426677667982
dev,backoff_eb,blind,0.0028416016390346,0.008403111214174372
dev,backoff_eb,blind,0.00369827780285591,0.007600701154212593
dev,backoff_eb,blind,0.006426590517122862,0.005176595572767587
dev,backoff_eb,blind,0.00884968647190046,0.005392235648295722
dev,backoff_eb,blind,0.010693625860166502,0.0038572435842412394
dev,backoff_eb,blind,0.01273299968179246,0.003082686176868068
dev,backoff_eb,blind,0.014952982144188026,0.0027896522728253306
dev,backoff_eb,blind,0.01845068406721564,0.002902978593279202
dev,backoff_eb,blind,0.022375367203579435,0.0038180113025593535
dev,backoff_eb,blind,0.025520748677461253,0.003233894612348192
dev,backoff_eb,blind,0.03935346196722597,0.0010872804632754908
dev,backoff_eb,blind,0.05773436728895443,0.00010147013447501443
dev,backoff_eb,conditioned,-0.022867265255231903,0.0041596617631404
dev,backoff_eb,conditioned,-0.01047639553423093,0.0035252622489271492
dev,backoff_eb,conditioned,-0.006753167709188659,0.0037521872214015374
dev,backoff_eb,conditioned,-0.004615160225661119,0.002719262971026023
dev,backoff_eb,conditioned,-0.0014915191028004515,0.0028632736785284777
dev,backoff_eb,conditioned,0.0,0.0024337296295315496
dev,backoff_eb,conditioned,0.0011488341605561847,0.0017963654382101794
dev,backoff_eb,conditioned,0.0031386213645353865,0.0002953442847093445
dev,backoff_eb,conditioned,0.004389430216536743,-0.0003775332508416011
dev,backoff_eb,conditioned,0.005713519266059755,-0.0017312866486725762
dev,backoff_eb,conditioned,0.008261036314404393,-0.0015516348860480568
dev,backoff_eb,conditioned,0.010333748776020276,-0.001951582940020905
dev,backoff_eb,conditioned,0.012060994226825338,-0.0014078909513718656
dev,backoff_eb,conditioned,0.0139932938495332,-0.0020230561961948313
dev,backoff_eb,conditioned,0.016159277516224944,-0.002247767482058008
dev,backoff_eb,conditioned,0.02009613253249013,-0.0011366140506110596
dev,backoff_eb,conditioned,0.024538404598998604,-0.0003764211290682371
dev,backoff_eb,conditioned,0.029760311307036887,0.0002969450150911337
dev,backoff_eb,conditioned,0.039994749096426835,-0.0006007432563925238
dev,backoff_eb,conditioned,0.0573595523936715,-0.00019869750196283513
dev,class_laplace,blind,-0.434736540654037,-0.028706115720133797
dev,class_laplace,blind,-0.24495833455600816,-0.008279581708967873
dev,class_laplace,blind,-0.1269787375891364,0.0035220636843140223
dev,class_laplace,blind,-0.03755441004587755,0.004719917023069806
dev,class_laplace,blind,-0.020202742230063422,0.0034611481577625095
dev,class_laplace,blind,-0.013441543038951665,0.0025344401784825102
dev,class_laplace,blind,-0.007550761007992249,0.0014323614140663028
dev,class_laplace,blind,-0.0032870172677868206,0.000595162981729896
dev,class_laplace,blind,-0.00037761908931893196,0.0007190882318819579
dev,class_laplace,blind,0.0,0.00046866034452444335
dev,class_laplace,blind,0.001786419192361549,0.001493849304028813
dev,class_laplace,blind,0.0035848445903540337,0.001397069204937328
dev,class_laplace,blind,0.005062153482584685,0.0007894448819205305
dev,class_laplace,blind,0.006686183200250377,0.0015019362903313951
dev,class_laplace,blind,0.01041445863471507,0.0008950300257781457
dev,class_laplace,blind,0.016089685449938437,0.00020312921941093517
dev,class_laplace,blind,0.01993815114980543,0.0006816493212989878
dev,class_laplace,blind,0.02672217513291591,0.001491706012558414
dev,class_laplace,blind,0.03454064207955882,0.000956499698020074
dev,class_laplace,blind,0.05296083549032461,0.0003648645078126913
dev,class_laplace,conditioned,-0.21159948846116167,0.00449617996484882
dev,class_laplace,conditioned,-0.07174600910623781,0.017579039109164273
dev,class_laplace,conditioned,-0.04041690099182484,0.019249086142707393
dev,class_laplace,conditioned,-0.017943782097789625,0.019967926566877334
dev,class_laplace,conditioned,-0.009539550694008251,0.021311142928547994
dev,class_laplace,conditioned,-0.0050091862816576665,0.019769385737311504
dev,class_laplace,conditioned,-0.0005941927510576207,0.017343528498676503
dev,class_laplace,conditioned,0.0,0.016976404059269586
dev,class_laplace,conditioned,0.002202283344017747,0.016856539118626276
dev,class_laplace,conditioned,0.004303318641071254,0.01561316231201435
dev,class_laplace,conditioned,0.007668122226952437,0.01642410471147878
dev,class_laplace,conditioned,0.011152098042080583,0.015599891029555222
dev,class_laplace,conditioned,0.015150261190906063,0.015323097616153825
dev,class_laplace,conditioned,0.018680761481569802,0.01664634044267541
dev,class_laplace,conditioned,0.022141627974417665,0.01240816142491786
dev,class_laplace,conditioned,0.02594286570272681,0.010581370057730839
dev,class_laplace,conditioned,0.029848083080670433,0.01007096063007008
dev,class_laplace,conditioned,0.0375360856542184,0.01234322038937512
dev,class_laplace,conditioned,0.04904929207563907,0.011221991997901175
dev,class_laplace,conditioned,0.0685501278283641,0.003012129505599928
dev,global_laplace,blind,-0.28481798658006285,-0.005758843428475729
dev,global_laplace,blind,-0.12896246342009757,0.0033769034152868025
dev,global_laplace,blind,-0.05925497836571506,0.005719936122901761
dev,global_laplace,blind,-0.0315722767053162,0.0051486987305285415
dev,global_laplace,blind,-0.017785739796515612,0.00408308530302257
dev,global_laplace,blind,-0.013149404626537858,0.0020871214732107323
dev,global_laplace,blind,-0.009332312383720622,0.003470199281892806
dev,global_laplace,blind,-0.005569163019526255,0.0019208512803230166
dev,global_laplace,blind,-0.0016506273495405317,-0.0006198135195854689
dev,global_laplace,blind,0.0,-5.388540160319648e-05
dev,global_laplace,blind,0.0006045349502209087,-0.0015831130051687594
dev,global_laplace,blind,0.0035607276831232915,-0.0008135219819867125
dev,global_laplace,blind,0.005406140641148571,-0.0009056422684259923
dev,global_laplace,blind,0.00846703614225904,-0.0005464758899144618
dev,global_laplace,blind,0.011489841923831448,0.00025200283265786484
dev,global_laplace,blind,0.016114881779970627,-8.839831270020583e-05
dev,global_laplace,blind,0.019949357044918528,0.0015710638514880475
dev,global_laplace,blind,0.024683978702174817,0.001765460196333619
dev,global_laplace,blind,0.031086082016536818,-0.00011836861181408633
dev,global_laplace,blind,0.04882024182115894,-0.0008194753929365392
dev,global_laplace,conditioned,-0.2518274287055255,-0.0013580017936267075
dev,global_laplace,conditioned,-0.08231186515978564,0.003386131251306743
dev,global_laplace,conditioned,-0.04300564906712514,0.0055164908493947834
dev,global_laplace,conditioned,-0.026368133133487043,0.004365813792872952
dev,global_laplace,conditioned,-0.01281263283445354,0.004170390809404439
dev,global_laplace,conditioned,-0.007540876489149302,0.003535564066287492
dev,global_laplace,conditioned,-0.004780427960715351,0.0032545148065097652
dev,global_laplace,conditioned,-0.002556458428929809,0.004514359498285574
dev,global_laplace,conditioned,0.0,0.0053645537050913865
dev,global_laplace,conditioned,0.00022361540418890558,0.00581296738879434
dev,global_laplace,conditioned,0.0026544562975665898,0.00662013222711587
dev,global_laplace,conditioned,0.004748165261227438,0.006399070371094168
dev,global_laplace,conditioned,0.007072072680859814,0.005641582874481955
dev,global_laplace,conditioned,0.011889717430587601,0.004291961909648393
dev,global_laplace,conditioned,0.013721405812689097,0.002998250942432021
dev,global_laplace,conditioned,0.01865284445931415,0.0020990231334228875
dev,global_laplace,conditioned,0.021256875881043136,0.001775555079072994
dev,global_laplace,conditioned,0.028149644124515327,0.00043208110014846706
dev,global_laplace,conditioned,0.03683219611440886,0.0007319185287227451
dev,global_laplace,conditioned,0.04991434615275845,0.0008938269788942367
dev,global_laplace_binary,conditioned,-0.17581489684009954,0.0069243204444179715
dev,global_laplace_binary,conditioned,-0.047310179280883456,0.009162646662852608
dev,global_laplace_binary,conditioned,-0.021288104172946548,0.00885547641489573
dev,global_laplace_binary,conditioned,-0.015168458955916942,0.005493722038582948
dev,global_laplace_binary,conditioned,-0.010347098323117318,0.0049393888457815475
dev,global_laplace_binary,conditioned,-0.004748477644501051,0.004307439801834967
dev,global_laplace_binary,conditioned,-0.0010444433820754003,0.0037672079655817685
dev,global_laplace_binary,conditioned,0.0,0.0037143917106162044
dev,global_laplace_binary,conditioned,0.0029864191070418902,0.00339621763244318
dev,global_laplace_binary,conditioned,0.005659844375576568,0.0038650401146808015
dev,global_laplace_binary,conditioned,0.008332773883518304,0.004051466066635515
dev,global_laplace_binary,conditioned,0.011174967383431673,0.004379752381094571
dev,global_laplace_binary,conditioned,0.013267230185948312,0.004609189110116151
dev,global_laplace_binary,conditioned,0.015871042694729776,0.004571090437775495
dev,global_laplace_binary,conditioned,0.018618603477330364,0.003785357766764291
dev,global_laplace_binary,conditioned,0.021917636055278265,0.0019972194511688615
dev,global_laplace_binary,conditioned,0.02727326066359644,0.0019225746299779526
dev,global_laplace_binary,conditioned,0.033012772890772965,0.0005599299101246562
dev,global_laplace_binary,conditioned,0.04116941769980735,0.0010889590627347415
dev,global_laplace_binary,conditioned,0.06380460893988125,0.0003226833377138574
dev,intersection_eb,blind,-0.04044156837147215,0.006537554219224984
dev,intersection_eb,blind,-0.026220354137936462,0.006198405285240341
dev,intersection_eb,blind,-0.018444605718154573,0.006668053497341359
dev,intersection_eb,blind,-0.011988701366157211,0.006373311051380672
dev,intersection_eb,blind,-0.008255934614209986,0.0063732077242065
dev,intersection_eb,blind,-0.005341809312766272,0.005820317141314659
dev,intersection_eb,blind,-0.0035884289056525337,0.005173210253162443
dev,intersection_eb,blind,-0.0010205923900828663,0.005156680054051749
dev,intersection_eb,blind,0.0,0.004738624099653716
dev,intersection_eb,blind,0.0007165730803824673,0.0049039309488194864
dev,intersection_eb,blind,0.002735006690021799,0.003969772949487812
dev,intersection_eb,blind,0.00493863827889795,0.002730120966053308
dev,intersection_eb,blind,0.007679546355332342,0.0008426796306263317
dev,intersection_eb,blind,0.009485558103337224,0.0005085474831930896
dev,intersection_eb,blind,0.01156132269185985,0.0003451492905990457
dev,intersection_eb,blind,0.01493033110717118,0.00037621732415824103
dev,intersection_eb,blind,0.018878743077418672,-9.180586726687918e-05
dev,intersection_eb,blind,0.024242884809377977,-0.00037049448415403454
dev,intersection_eb,blind,0.03439733359191902,-0.0006060500316859039
dev,intersection_eb,blind,0.05464792180884121,-0.00026275203519480355
dev,intersection_eb,conditioned,-0.032674607828953296,0.006331811691152638
dev,intersection_eb,conditioned,-0.01755833071599201,0.006311677279517195
dev,intersection_eb,conditioned,-0.009864647598021187,0.00612116831597116
dev,intersection_eb,conditioned,-0.006171365596498624,0.0063625298977645585
dev,intersection_eb,conditioned,-0.0033016941414089358,0.005469937870121301
dev,intersection_eb,conditioned,-0.0011220540799178713,0.00531560584295506
dev,intersection_eb,conditioned,0.0,0.004555274606872128
dev,intersection_eb,conditioned,0.0016683198547841577,0.004185105846219676
dev,intersection_eb,conditioned,0.0034060674608564433,0.003976897012477385
dev,intersection_eb,conditioned,0.005482757262445393,0.0037783298372848655
dev,intersection_eb,conditioned,0.00751612979464742,0.0017494326661746703
dev,intersection_eb,conditioned,0.009201411113859128,0.0017297966726895037
dev,intersection_eb,conditioned,0.0111940239119023,0.0025445169602815636
dev,intersection_eb,conditioned,0.013159313844343358,0.0014613868674514436
dev,intersection_eb,conditioned,0.017068276678296794,0.0008742447743968904
dev,intersection_eb,conditioned,0.02025769412268407,0.0008193340421096658
dev,intersection_eb,conditioned,0.025175228303290737,-0.001621819121710559
dev,intersection_eb,conditioned,0.030773865266156074,-0.0008431737045509315
dev,intersection_eb,conditioned,0.03902180015668939,-0.00014939936911424498
dev,intersection_eb,conditioned,0.05410482572797855,-0.0001402714035727761
dev,intersection_laplace,blind,-0.4052355662187928,-0.0189733868669193
dev,intersection_laplace,blind,-0.2171664046894135,-3.1548887958347235e-05
dev,intersection_laplace,blind,-0.08983415029184316,0.0053678783690294125
dev,intersection_laplace,blind,-0.0348428083140028,0.0054107897894509534
dev,intersection_laplace,blind,-0.020202742230063422,0.0034971695194797457
dev,intersection_laplace,blind,-0.010027795548361227,0.0048830074062541735
dev,intersection_laplace,blind,-0.005868604905027687,0.004498178985985843
dev,intersection_laplace,blind,-0.0025811320807437744,0.004187182596297847
dev,intersection_laplace,blind,0.0,0.0042872492188943965
dev,intersection_laplace,blind,0.00044580818780106936,0.003894250571354056
dev,intersection_laplace,blind,0.0029958614465863125,0.00367442593212038
dev,intersection_laplace,blind,0.005293834395451405,0.0032954157846848417
dev,intersection_laplace,blind,0.007262379076429815,0.00366564611189044
dev,intersection_laplace,blind,0.011178974337835683,0.003513471529962127
dev,intersection_laplace,blind,0.013788144584141376,0.004232965456467811
dev,intersection_laplace,blind,0.01835734988019085,0.0038309339959419634
dev,intersection_laplace,blind,0.024111353037783657,0.003907037566074383
dev,intersection_laplace,blind,0.029541470763922262,0.0029500478580827623
dev,intersection_laplace,blind,0.038639395086102694,0.00232789060538839
dev,intersection_laplace,blind,0.05780390431398005,0.0012579965273788356
dev,intersection_laplace,conditioned,-0.05197423462117368,0.029579761984019445
dev,intersection_laplace,conditioned,-0.032470860719587574,0.029190825748032535
dev,intersection_laplace,conditioned,-0.021447878426740834,0.02829012706829089
dev,intersection_laplace,conditioned,-0.010020171757635227,0.02609557691132387
dev,intersection_laplace,conditioned,-0.0061232177354298796,0.025465540330985498
dev,intersection_laplace,conditioned,-0.0024242217806513923,0.02347246844753576
dev,intersection_laplace,conditioned,0.0,0.022428408778946977
dev,intersection_laplace,conditioned,0.0005909674656251148,0.021999661545021032
dev,intersection_laplace,conditioned,0.0025468334050176814,0.021850418054198024
dev,intersection_laplace,conditioned,0.005056344611793725,0.02286854320932705
dev,intersection_laplace,conditioned,0.009104448889667556,0.021316771410102006
dev,intersection_laplace,conditioned,0.013476301343676661,0.019062684200774165
dev,intersection_laplace,conditioned,0.016814357011960244,0.01624340514964818
dev,intersection_laplace,conditioned,0.019963167755331704,0.014995004643093456
dev,intersection_laplace,conditioned,0.02405269297825058,0.011390924827432184
dev,intersection_laplace,conditioned,0.02861373739534586,0.012051354848479029
dev,intersection_laplace,conditioned,0.03587418753256861,0.012975899683644406
dev,intersection_laplace,conditioned,0.042179817403539814,0.010353752344753301
dev,intersection_laplace,conditioned,0.05851367353894874,0.009004923617204529
dev,intersection_laplace,conditioned,0.07716662958115934,0.005726962207253076
dev,team_laplace,blind,-0.2897029625489414,-0.0054780262344309525
dev,team_laplace,blind,-0.19531617717545596,0.005484930610395151
dev,team_laplace,blind,-0.12770952934711205,0.015204590432883056
dev,team_laplace,blind,-0.03722795654528437,0.014941416353828106
dev,team_laplace,blind,-0.01998715296947165,0.013738713387785286
dev,team_laplace,blind,-0.013051401332273022,0.014155326919122175
dev,team_laplace,blind,-0.005872528848483943,0.013082311771880123
dev,team_laplace,blind,-0.0018830124487846716,0.012240729128305441
dev,team_laplace,blind,0.0,0.012085888219477614
dev,team_laplace,blind,0.0010638109796630418,0.012176084154078205
dev,team_laplace,blind,0.002696528852065461,0.012695291432841071
dev,team_laplace,blind,0.005692998271287322,0.011772962736672369
dev,team_laplace,blind,0.008014190675311617,0.010370829612670647
dev,team_laplace,blind,0.011009115989293454,0.009321522539872734
dev,team_laplace,blind,0.013297994773416703,0.007256382942012859
dev,team_laplace,blind,0.018009398795590853,0.005930648445148827
dev,team_laplace,blind,0.02188618244612092,0.00635378118779592
dev,team_laplace,blind,0.02811983958951029,0.005674769885861388
dev,team_laplace,blind,0.03638636441916042,0.0053437545101470705
dev,team_laplace,blind,0.056784553625254496,0.004619664673147531
dev,team_laplace,conditioned,-0.09353448012587125,0.021147970822537582
dev,team_laplace,conditioned,-0.05369289394875867,0.02021296696042566
dev,team_laplace,conditioned,-0.03236958748806064,0.016404275376594925
dev,team_laplace,conditioned,-0.017183821608854725,0.01707858225581788
dev,team_laplace,conditioned,-0.007801794680166316,0.016717405855468822
dev,team_laplace,conditioned,-0.004641669457440774,0.01635110448333537
dev,team_laplace,conditioned,0.0,0.016408859702486976
dev,team_laplace,conditioned,0.0004325366602935337,0.0165338452239769
dev,team_laplace,conditioned,0.00303198347895224,0.01723087763524728
dev,team_laplace,conditioned,0.004782998245979453,0.017217666844962905
dev,team_laplace,conditioned,0.008957725068948649,0.01893047694128509
dev,team_laplace,conditioned,0.013465509937565524,0.01608396669540286
dev,team_laplace,conditioned,0.016672845604508425,0.014983599789463987
dev,team_laplace,conditioned,0.019503390592069354,0.01312426068939759
dev,team_laplace,conditioned,0.024351381738989614,0.01119873833880529
dev,team_laplace,conditioned,0.02765740601426756,0.011227194511778303
dev,team_laplace,conditioned,0.03307475978197347,0.00989047561693341
dev,team_laplace,conditioned,0.03945095846559458,0.007495900026309453
dev,team_laplace,conditioned,0.05033153347763312,0.006347157364728682
dev,team_laplace,conditioned,0.07633411506575108,0.003998864080091255
eval,backoff_eb,blind,-0.02183219653535664,0.00306761218000896
eval,backoff_eb,blind,-0.013156662246200868,0.002503792544705185
eval,backoff_eb,blind,-0.009135760643886864,0.0016061063837166409
eval,backoff_eb,blind,-0.00606881741702327,0.0004482988137096616
eval,backoff_eb,blind,-0.0030654147499856433,0.0009336199368064727
eval,backoff_eb,blind,-0.001616048423370128,0.001169858753082141
eval,backoff_eb,blind,0.0,0.0014215477522294127
eval,backoff_eb,blind,0.00024356286843029538,0.0014751145063932217
eval,backoff_eb,blind,0.0019691922363057886,0.0013854031511886635
eval,backoff_eb,blind,0.0029846266977929335,0.0010289833997961266
eval,backoff_eb,blind,0.004473455923573453,0.0015435780599788206
eval,backoff_eb,blind,0.006087786421791888,0.0019229077102251389
eval,backoff_eb,blind,0.008312265306541906,0.0015025441558217283
eval,backoff_eb,blind,0.009956423240059915,0.0014151842263176214
eval,backoff_eb,blind,0.012085398961323376,0.0002643855185664479
eval,backoff_eb,blind,0.01390935516617431,0.0014215772363109205
eval,backoff_eb,blind,0.019218843827488542,0.0008085754386444188
eval,backoff_eb,blind,0.02411164427135259,0.0010911930333729366
eval,backoff_eb,blind,0.03179767039029366,0.0012532422066333904
eval,backoff_eb,blind,0.05106084739365191,-0.0008396346440267324
eval,backoff_eb,conditioned,-0.01758728459761531,-0.0014316604973458166
eval,backoff_eb,conditioned,-0.010344370903935429,-0.0025812836981673336
eval,backoff_eb,conditioned,-0.006106290493602041,-0.0038704326863040275
eval,backoff_eb,conditioned,-0.0029681170567372145,-0.003944829316931454
eval,backoff_eb,conditioned,0.0,-0.002935542818626866
eval,backoff_eb,conditioned,0.00026687968511052986,-0.002747057656284852
eval,backoff_eb,conditioned,0.001076708771975455,-0.0029842385404448414
eval,backoff_eb,conditioned,0.0023774472511462748,-0.0030100254866121403
eval,backoff_eb,conditioned,0.003814905497605422,-0.0028346029517413982
eval,backoff_eb,conditioned,0.0052433661548697075,-0.0010710240917364557
eval,backoff_eb,conditioned,0.006253469474798918,2.2736714975019196e-05
eval,backoff_eb,conditioned,0.008162507796537785,-0.0001006625714388924
eval,backoff_eb,conditioned,0.010464312941254172,0.00023937923131725895
eval,backoff_eb,conditioned,0.011664378793675068,0.00039969141309584803
eval,backoff_eb,conditioned,0.01309951554803543,0.0006115055788102462
eval,backoff_eb,conditioned,0.015749771637046488,0.0007251616773293845
eval,backoff_eb,conditioned,0.019845186797151308,0.0010194664998869202
eval,backoff_eb,conditioned,0.025798120675484634,0.004103169275737887
eval,backoff_eb,conditioned,0.03270940660472828,0.002748356299034914
eval,backoff_eb,conditioned,0.05165429977937338,0.001050412954397537
eval,intersection_laplace,blind,-0.2827274720453597,-0.01313664535781247
eval,intersection_laplace,blind,-0.18328508850783531,0.0019139605550909761
eval,intersection_laplace,blind,-0.04859389004143199,0.005322983853481523
eval,intersection_laplace,blind,-0.0249931564963442,0.0083392465290562
eval,intersection_laplace,blind,-0.011750646190414906,0.009270872780351184
eval,intersection_laplace,blind,-0.008462484819898183,0.00921204928589526
eval,intersection_laplace,blind,-0.004961458978742685,0.008270792241896217
eval,intersection_laplace,blind,-0.001992684219862269,0.007985634841586478
eval,intersection_laplace,blind,0.0,0.007259164744960004
eval,intersection_laplace,blind,0.0006728708661955702,0.0073268577999355804
eval,intersection_laplace,blind,0.0021882491260144543,0.008490388913445137
eval,intersection_laplace,blind,0.00467377658708613,0.006710137750710075
eval,intersection_laplace,blind,0.008133092801843619,0.005323796088446924
eval,intersection_laplace,blind,0.010481314549914826,0.0031615059598157154
eval,intersection_laplace,blind,0.014580533259416831,0.0027152436069357933
eval,intersection_laplace,blind,0.016514679691728013,0.002591985020430843
eval,intersection_laplace,blind,0.020444634196352812,0.0019402311431552896
eval,intersection_laplace,blind,0.025682983913311582,0.0031460929362468384
eval,intersection_laplace,blind,0.032508549371865425,0.005007702173974047
eval,intersection_laplace,blind,0.042097036387052894,0.0035330712345976326
eval,intersection_laplace,conditioned,-0.0404526942680662,0.015498299488619943
eval,intersection_laplace,conditioned,-0.023972085734934905,0.016234152150064258
eval,intersection_laplace,conditioned,-0.01215646197087993,0.015598104920369296
eval,intersection_laplace,conditioned,-0.005439705199958644,0.015969508912545352
eval,intersection_laplace,conditioned,-0.0016890816349443179,0.01690678021416592
eval,intersection_laplace,conditioned,0.0,0.015078009597620174
eval,intersection_laplace,conditioned,0.00036477510007036694,0.015273604635617243
eval,intersection_laplace,conditioned,0.0030599191805080438,0.016232716902416556
eval,intersection_laplace,conditioned,0.005709138294917621,0.016630045582900693
eval,intersection_laplace,conditioned,0.00848180789434912,0.01598035637757287
eval,intersection_laplace,conditioned,0.011063699628020207,0.016160169738021927
eval,intersection_laplace,conditioned,0.013484403862839745,0.015622817298125981
eval,intersection_laplace,conditioned,0.016214303213641056,0.01295047412490725
eval,intersection_laplace,conditioned,0.02185302704307929,0.011092928018252454
eval,intersection_laplace,conditioned,0.02521660475387651,0.011791666155334692
eval,intersection_laplace,conditioned,0.031184598566032562,0.008599285260966075
eval,intersection_laplace,conditioned,0.03529297591835339,0.00810333189727673
eval,intersection_laplace,conditioned,0.039521279513743346,0.005849609441643385
eval,intersection_laplace,conditioned,0.047656160668447925,0.004461867238708477
eval,intersection_laplace,conditioned,0.06720449854501521,0.002277407327189517
eval,team_laplace,blind,-0.23783462062587987,-0.015172890176874908
eval,team_laplace,blind,-0.17191831934817012,-0.0013669963046234457
eval,team_laplace,blind,-0.041734540682515066,0.0036028135923584503
eval,team_laplace,blind,-0.0182536183179885,0.005622551612668301
eval,team_laplace,blind,-0.01159274027332661,0.006063002568842778
eval,team_laplace,blind,-0.007147747593581632,0.005741566400881389
eval,team_laplace,blind,-0.0029882076482094103,0.00465962034299146
eval,team_laplace,blind,-0.0008773990054632745,0.005082434726570119
eval,team_laplace,blind,0.0,0.004679831858705636
eval,team_laplace,blind,0.0013545873776698565,0.004694913855599399
eval,team_laplace,blind,0.0032245618584346076,0.004761781880454202
eval,team_laplace,blind,0.0052527132215711494,0.0046164672540959404
eval,team_laplace,blind,0.007759499934444071,0.0030486613849000114
eval,team_laplace,blind,0.009961068466543552,0.0025296205065058705
eval,team_laplace,blind,0.013181652556463938,0.002753825418314143
eval,team_laplace,blind,0.01683281927924009,0.0012573655975523905
eval,team_laplace,blind,0.019078146079379302,0.0013832269451726023
eval,team_laplace,blind,0.023846629162635916,0.00014980586629417074
eval,team_laplace,blind,0.031865441889624264,0.00029201492966719007
eval,team_laplace,blind,0.042312987072940504,0.0002968170535025285
eval,team_laplace,conditioned,-0.07394536961749902,0.016128348008771637
eval,team_laplace,conditioned,-0.04309040256842819,0.016582462412478335
eval,team_laplace,conditioned,-0.01766829287050576,0.01598977348088619
eval,team_laplace,conditioned,-0.00840107245414685,0.018211290371328143
eval,team_laplace,conditioned,-0.0034046283377851504,0.017829359682211325
eval,team_laplace,conditioned,0.0,0.016872277193183276
eval,team_laplace,conditioned,0.00014363485403034567,0.016510732939944196
eval,team_laplace,conditioned,0.0023310504144233553,0.016110347125248694
eval,team_laplace,conditioned,0.0040338931779236075,0.014821875203943732
eval,team_laplace,conditioned,0.00710286429658366,0.014527600071388274
eval,team_laplace,conditioned,0.009202814829446453,0.012969292269729489
eval,team_laplace,conditioned,0.012075066617692774,0.012697216628783911
eval,team_laplace,conditioned,0.014479509021177143,0.011304532538107292
eval,team_laplace,conditioned,0.019343086803729367,0.010976492572369887
eval,team_laplace,conditioned,0.02424881525244139,0.011526718436174057
eval,team_laplace,conditioned,0.029586908980712135,0.0086973355193833
eval,team_laplace,conditioned,0.03442057835622804,0.006885965041179753
eval,team_laplace,conditioned,0.03767246644500407,0.004670524904176817
eval,team_laplace,conditioned,0.04626837712066348,0.004054549707090435
eval,team_laplace,conditioned,0.06475556884282165,0.0017939130377829374
