run_id,timestamp_utc,phase,script,argv,out_dir,manifest,git_sha,git_dirty,headline_metric,headline_value,notes
proxy_validation_20260917_104318,2026-09-17T10:47:08.034997+00:00,P1.1-proxy,07_validate_proxy.py,experiments/07_validate_proxy.py --models minilm,results\proxy_validation,C:\Users\ailab\Documents\code\financial-pilot-ea\paper_ieee_access\results\proxy_validation\manifest.json,2eeaa311a1fc5668c6dec79de9573097225088d5,True,pooled_spearman_changed(primary),0.4003894949194486,adopt=False
retriever_ladder_20260917_105036,2026-09-17T10:51:20.819040+00:00,P2-ladder,11_retriever_ladder.py,experiments/11_retriever_ladder.py --limit 25 --retrievers dense_minilm bm25 hybrid_rrf --sim-models minilm --lambdas 1.0 --kappas 2.0 --tag smoke,results\retriever_ladder_smoke,C:\Users\ailab\Documents\code\financial-pilot-ea\paper_ieee_access\results\retriever_ladder_smoke\manifest.json,2eeaa311a1fc5668c6dec79de9573097225088d5,True,n_cells,43,
feedback_calibration_20260917_110622,2026-09-17T11:07:42.640420+00:00,P1.4-calibration,10_feedback_calibration.py,experiments/10_feedback_calibration.py --saturation-queries 15,results\feedback_calibration,C:\Users\ailab\Documents\code\financial-pilot-ea\paper_ieee_access\results\feedback_calibration\manifest.json,2eeaa311a1fc5668c6dec79de9573097225088d5,True,AUC(score->same_reply) conditioned,0.9013042499423305,
M2_team_dev_conditioned_continuous_smoke_20260917_124949,2026-09-17T12:50:07.175638+00:00,smoke,04_evaluate.py,experiments/04_evaluate.py --method M2_team --limit 3 --tag smoke,results\M2_team_dev_conditioned_continuous_smoke,C:\Users\ailab\Documents\code\financial-pilot-ea\paper_ieee_access\results\M2_team_dev_conditioned_continuous_smoke\manifest.json,2eeaa311a1fc5668c6dec79de9573097225088d5,True,mean_delta_cosine,-0.00271,details=M2_team_dev_conditioned_continuous_smoke_20260917_125006_details.json
M2_team_dev_conditioned_continuous_smoke_20260917_125311,2026-09-17T12:53:21.157038+00:00,smoke,04_evaluate.py,experiments/04_evaluate.py --method M2_team --limit 3 --tag smoke,results\M2_team_dev_conditioned_continuous_smoke,C:\Users\ailab\Documents\code\financial-pilot-ea\paper_ieee_access\results\M2_team_dev_conditioned_continuous_smoke\manifest.json,2eeaa311a1fc5668c6dec79de9573097225088d5,True,mean_delta_cosine,-0.03527,details=M2_team_dev_conditioned_continuous_smoke_20260917_125320_details.json
proxy_validation_20260917_132018,2026-09-17T13:36:53.064807+00:00,P1.1-proxy,07_validate_proxy.py,experiments/07_validate_proxy.py --models minilm bge,results\proxy_validation,C:\Users\ailab\Documents\code\financial-pilot-ea\paper_ieee_access\results\proxy_validation\manifest.json,2eeaa311a1fc5668c6dec79de9573097225088d5,True,pooled_spearman_changed(primary),0.3990778166147026,config_selection=False per_ticket=False
feedback_calibration_20260917_134150,2026-09-17T13:46:33.732086+00:00,P1.4-calibration,10_feedback_calibration.py,experiments/10_feedback_calibration.py,results\feedback_calibration,C:\Users\ailab\Documents\code\financial-pilot-ea\paper_ieee_access\results\feedback_calibration\manifest.json,2eeaa311a1fc5668c6dec79de9573097225088d5,True,AUC(score->same_reply) conditioned,0.9013042499423305,
rescore_20260917_134820,2026-09-17T15:11:31.445783+00:00,P1.2-rescore,08_rescore.py,experiments/08_rescore.py --no-bertscore,results\rescored,C:\Users\ailab\Documents\code\financial-pilot-ea\paper_ieee_access\results\rescored\manifest.json,2eeaa311a1fc5668c6dec79de9573097225088d5,True,n_runs,8,
build_index_bge_20260918_070103,2026-09-18T07:01:05.199445+00:00,P2-index,02_build_index.py,experiments/02_build_index.py --embedder bge,data\processed\faiss_index_bge,C:\Users\ailab\Documents\code\financial-pilot-ea\paper_ieee_access\data\processed\faiss_index_bge\manifest.json,2eeaa311a1fc5668c6dec79de9573097225088d5,True,n_vectors,1595,
proxy_validation_20260918_100045,2026-09-18T10:01:02.209279+00:00,P1.1-proxy,07_validate_proxy.py,experiments/07_validate_proxy.py,results\proxy_validation,C:\Users\ailab\Documents\code\financial-pilot-ea\paper_ieee_access\results\proxy_validation\manifest.json,2eeaa311a1fc5668c6dec79de9573097225088d5,True,pooled_spearman_changed(primary),0.3990778166147026,config_selection=False per_ticket=False
rescore_20260918_100433,2026-09-18T10:05:03.499611+00:00,P1.2-rescore,08_rescore.py,experiments/08_rescore.py,results\rescored,C:\Users\ailab\Documents\code\financial-pilot-ea\paper_ieee_access\results\rescored\manifest.json,2eeaa311a1fc5668c6dec79de9573097225088d5,True,n_runs,8,
retriever_ladder_20260918_092048,2026-09-18T10:16:24.303727+00:00,P2-ladder,11_retriever_ladder.py,experiments/11_retriever_ladder.py --split dev,results\retriever_ladder,C:\Users\ailab\Documents\code\financial-pilot-ea\paper_ieee_access\results\retriever_ladder\manifest.json,5f14ac60755fa6c553e9f6eb742718fc04f0e6b9,True,n_cells,306,
proxy_validation_20260918_105809,2026-09-18T10:58:13.164901+00:00,P1.1-proxy,07_validate_proxy.py,experiments/07_validate_proxy.py,results\proxy_validation,C:\Users\ailab\Documents\code\financial-pilot-ea\paper_ieee_access\results\proxy_validation\manifest.json,5f14ac60755fa6c553e9f6eb742718fc04f0e6b9,True,pooled_spearman_changed(primary),0.4003894949194486,config_selection=True per_ticket=False
rescore_20260918_105905,2026-09-18T10:59:15.393080+00:00,P1.2-rescore,08_rescore.py,experiments/08_rescore.py,results\rescored,C:\Users\ailab\Documents\code\financial-pilot-ea\paper_ieee_access\results\rescored\manifest.json,5f14ac60755fa6c553e9f6eb742718fc04f0e6b9,True,n_runs,7,
learn_blend_20260918_110345,2026-09-18T11:09:20.753689+00:00,P3-blend,12_learn_blend.py,experiments/12_learn_blend.py --lift laplace_eb --tag eb,results\blend_eb,C:\Users\ailab\Documents\code\financial-pilot-ea\paper_ieee_access\results\blend_eb\manifest.json,5f14ac60755fa6c553e9f6eb742718fc04f0e6b9,True,dev_gain M6_blend (proxy_top1),0.05385,
learn_blend_20260918_111117,2026-09-18T11:15:02.078252+00:00,P3-blend,12_learn_blend.py,experiments/12_learn_blend.py,results\blend,C:\Users\ailab\Documents\code\financial-pilot-ea\paper_ieee_access\results\blend\manifest.json,5f14ac60755fa6c553e9f6eb742718fc04f0e6b9,True,dev_gain M6_blend (proxy_top1),0.03575,
feedback_volume_20260919_115033,2026-09-19T12:18:56.795248+00:00,P3-volume,13_feedback_volume_curve.py,experiments/13_feedback_volume_curve.py,results\feedback_volume,C:\Users\ailab\Documents\code\financial-pilot-ea\paper_ieee_access\results\feedback_volume\manifest_feedback_volume_20260919_115033.json,5f14ac60755fa6c553e9f6eb742718fc04f0e6b9,True,fractions,8,
M1_global_dev_blind_binary_20260919_143911,2026-09-19T14:47:40.537207+00:00,P4-generation,04_evaluate.py,experiments/04_evaluate.py --method M1_global --split dev --seed 42 --agg-mode binary --feedback-protocol blind,results\M1_global_dev_blind_binary,C:\Users\ailab\Documents\code\financial-pilot-ea\paper_ieee_access\results\M1_global_dev_blind_binary\manifest_M1_global_dev_blind_binary_20260919_143911.json,5f14ac60755fa6c553e9f6eb742718fc04f0e6b9,True,mean_delta_cosine,-0.02176,details=M1_global_dev_blind_binary_20260919_144738_details.json
M2_team_dev_blind_continuous_20260919_144948,2026-09-19T14:56:30.695051+00:00,P4-generation,04_evaluate.py,experiments/04_evaluate.py --method M2_team --split dev --seed 42 --feedback-protocol blind,results\M2_team_dev_blind_continuous,C:\Users\ailab\Documents\code\financial-pilot-ea\paper_ieee_access\results\M2_team_dev_blind_continuous\manifest_M2_team_dev_blind_continuous_20260919_144948.json,5f14ac60755fa6c553e9f6eb742718fc04f0e6b9,True,mean_delta_cosine,-0.03361,details=M2_team_dev_blind_continuous_20260919_145629_details.json
M3_class_dev_blind_continuous_20260919_145825,2026-09-19T15:04:24.037589+00:00,P4-generation,04_evaluate.py,experiments/04_evaluate.py --method M3_class --split dev --seed 42 --feedback-protocol blind,results\M3_class_dev_blind_continuous,C:\Users\ailab\Documents\code\financial-pilot-ea\paper_ieee_access\results\M3_class_dev_blind_continuous\manifest_M3_class_dev_blind_continuous_20260919_145825.json,5f14ac60755fa6c553e9f6eb742718fc04f0e6b9,True,mean_delta_cosine,-0.0604,details=M3_class_dev_blind_continuous_20260919_150423_details.json
M4_intersection_dev_blind_continuous_20260919_150834,2026-09-19T15:14:17.960232+00:00,P4-generation,04_evaluate.py,experiments/04_evaluate.py --method M4_intersection --split dev --seed 42 --feedback-protocol blind,results\M4_intersection_dev_blind_continuous,C:\Users\ailab\Documents\code\financial-pilot-ea\paper_ieee_access\results\M4_intersection_dev_blind_continuous\manifest_M4_intersection_dev_blind_continuous_20260919_150834.json,5f14ac60755fa6c553e9f6eb742718fc04f0e6b9,True,mean_delta_cosine,-0.05062,details=M4_intersection_dev_blind_continuous_20260919_151416_details.json
retriever_ladder_20260919_153549,2026-09-19T15:38:14.610098+00:00,P2-ladder,11_retriever_ladder.py,experiments/11_retriever_ladder.py --feedback-protocol blind --retrievers dense_minilm bm25 hybrid_rrf --tag blind,results\retriever_ladder_blind,C:\Users\ailab\Documents\code\financial-pilot-ea\paper_ieee_access\results\retriever_ladder_blind\manifest_retriever_ladder_20260919_153549.json,5f14ac60755fa6c553e9f6eb742718fc04f0e6b9,True,n_cells,153,
learn_blend_20260919_153739,2026-09-19T15:42:31.796464+00:00,P3-blend,12_learn_blend.py,experiments/12_learn_blend.py --lift laplace_eb --feedback-protocol blind --tag eb_blind,results\blend_eb_blind,C:\Users\ailab\Documents\code\financial-pilot-ea\paper_ieee_access\results\blend_eb_blind\manifest_learn_blend_20260919_153739.json,5f14ac60755fa6c553e9f6eb742718fc04f0e6b9,True,dev_gain M6_blend (proxy_top1),-0.01796,
feedback_volume_20260919_153640,2026-09-19T16:12:00.366684+00:00,P3-volume,13_feedback_volume_curve.py,experiments/13_feedback_volume_curve.py --feedback-protocol blind --tag blind,results\feedback_volume_blind,C:\Users\ailab\Documents\code\financial-pilot-ea\paper_ieee_access\results\feedback_volume_blind\manifest_feedback_volume_20260919_153640.json,5f14ac60755fa6c553e9f6eb742718fc04f0e6b9,True,fractions,8,
proxy_validation_20260919_161218,2026-09-19T16:12:40.573795+00:00,P1.1-proxy,07_validate_proxy.py,experiments/07_validate_proxy.py,results\proxy_validation,C:\Users\ailab\Documents\code\financial-pilot-ea\paper_ieee_access\results\proxy_validation\manifest_proxy_validation_20260919_161218.json,5f14ac60755fa6c553e9f6eb742718fc04f0e6b9,True,pooled_spearman_changed(primary),0.4467124879554982,config_selection=True per_ticket=False
retriever_ladder_20260919_172216,2026-09-19T17:25:26.926934+00:00,P2-ladder,11_retriever_ladder.py,experiments/11_retriever_ladder.py --limit 8 --retrievers dense_minilm --routings M4_intersection semantic_intersection_tau0.7 semantic_backoff_tau0.7 --semantic-taus 0.7 --sim-models minilm --lambdas 1.0 --kappas 2.0 --tag semtest,results\retriever_ladder_semtest,C:\Users\ailab\Documents\code\financial-pilot-ea\paper_ieee_access\results\retriever_ladder_semtest\manifest_retriever_ladder_20260919_172216.json,5f14ac60755fa6c553e9f6eb742718fc04f0e6b9,True,n_cells,12,
gate_pilot_20260919_173339,2026-09-19T17:34:09.212366+00:00,P5-gate-pilot,16_gate_pilot.py,experiments/16_gate_pilot.py --runs results/M2_team_dev_blind_continuous results/M4_intersection_dev_blind_continuous --feedback-protocol blind --tag blind,results\gate_pilot_blind,C:\Users\ailab\Documents\code\financial-pilot-ea\paper_ieee_access\results\gate_pilot_blind\manifest_gate_pilot_20260919_173339.json,5f14ac60755fa6c553e9f6eb742718fc04f0e6b9,True,max_oof_auc,0.6415490116982654,
rescore_20260919_161338,2026-09-19T20:04:52.162653+00:00,P1.2-rescore,08_rescore.py,experiments/08_rescore.py --runs *blind* --force,results\rescored,C:\Users\ailab\Documents\code\financial-pilot-ea\paper_ieee_access\results\rescored\manifest_rescore_20260919_161338.json,5f14ac60755fa6c553e9f6eb742718fc04f0e6b9,True,n_runs,5,
retriever_ladder_20260920_084319,2026-09-20T08:46:18.121619+00:00,P2-ladder,11_retriever_ladder.py,experiments/11_retriever_ladder.py --routings M4_intersection M5_backoff semantic_intersection_tau0.6 semantic_intersection_tau0.7 semantic_backoff_tau0.6 semantic_backoff_tau0.7 --tag semantic,results\retriever_ladder_semantic,C:\Users\ailab\Documents\code\financial-pilot-ea\paper_ieee_access\results\retriever_ladder_semantic\manifest_retriever_ladder_20260920_084319.json,5f14ac60755fa6c553e9f6eb742718fc04f0e6b9,True,n_cells,360,
retriever_ladder_20260920_091523,2026-09-20T09:17:32.960858+00:00,P2-ladder,11_retriever_ladder.py,experiments/11_retriever_ladder.py --feedback-protocol blind --routings M4_intersection M5_backoff semantic_intersection_tau0.6 semantic_intersection_tau0.7 semantic_backoff_tau0.6 semantic_backoff_tau0.7 --tag semantic_blind,results\retriever_ladder_semantic_blind,C:\Users\ailab\Documents\code\financial-pilot-ea\paper_ieee_access\results\retriever_ladder_semantic_blind\manifest_retriever_ladder_20260920_091523.json,5f14ac60755fa6c553e9f6eb742718fc04f0e6b9,True,n_cells,360,
gate_pilot_20260920_091804,2026-09-20T09:18:10.024964+00:00,P5-gate-pilot,16_gate_pilot.py,experiments/16_gate_pilot.py --runs results/M2_team_dev_conditioned_continuous results/M4_intersection_dev_conditioned_continuous --tag conditioned,results\gate_pilot_conditioned,C:\Users\ailab\Documents\code\financial-pilot-ea\paper_ieee_access\results\gate_pilot_conditioned\manifest_gate_pilot_20260920_091804.json,5f14ac60755fa6c553e9f6eb742718fc04f0e6b9,True,max_oof_auc,0.5550396825396825,
M4_intersection_dev_blind_continuous_liftlaplace_eb_k10_pool_std1_20260920_091954,2026-09-20T09:24:14.175030+00:00,P4-generation,04_evaluate.py,experiments/04_evaluate.py --method M4_intersection --lift laplace_eb --prior-strength 10 --scale-mode pool_std --pool-lambda 1 --feedback-protocol blind,results\M4_intersection_dev_blind_continuous_liftlaplace_eb_k10_pool_std1,C:\Users\ailab\Documents\code\financial-pilot-ea\paper_ieee_access\results\M4_intersection_dev_blind_continuous_liftlaplace_eb_k10_pool_std1\manifest_M4_intersection_dev_blind_continuous_liftlaplace_eb_k10_pool_std1_20260920_091954.json,5f14ac60755fa6c553e9f6eb742718fc04f0e6b9,True,mean_delta_cosine,0.00724,details=M4_intersection_dev_blind_continuous_liftlaplace_eb_k10_pool_std1_20260920_092413_details.json
M5_backoff_dev_blind_continuous_liftlaplace_eb_pool_std0.5_minev2_20260920_092748,2026-09-20T09:31:31.629751+00:00,P4-generation,04_evaluate.py,experiments/04_evaluate.py --method M5_backoff --lift laplace_eb --prior-strength 2 --scale-mode pool_std --pool-lambda 0.5 --min-evidence 2 --feedback-protocol blind,results\M5_backoff_dev_blind_continuous_liftlaplace_eb_pool_std0.5_minev2,C:\Users\ailab\Documents\code\financial-pilot-ea\paper_ieee_access\results\M5_backoff_dev_blind_continuous_liftlaplace_eb_pool_std0.5_minev2\manifest_M5_backoff_dev_blind_continuous_liftlaplace_eb_pool_std0.5_minev2_20260920_092748.json,5f14ac60755fa6c553e9f6eb742718fc04f0e6b9,True,mean_delta_cosine,0.00959,details=M5_backoff_dev_blind_continuous_liftlaplace_eb_pool_std0.5_minev2_20260920_093130_details.json
M4_intersection_dev_blind_continuous_liftlaplace_eb_pool_std0.5_hybrid_rrf_20260920_093356,2026-09-20T09:42:24.938201+00:00,P4-generation,04_evaluate.py,experiments/04_evaluate.py --method M4_intersection --lift laplace_eb --prior-strength 2 --scale-mode pool_std --pool-lambda 0.5 --retriever hybrid_rrf --feedback-protocol blind,results\M4_intersection_dev_blind_continuous_liftlaplace_eb_pool_std0.5_hybrid_rrf,C:\Users\ailab\Documents\code\financial-pilot-ea\paper_ieee_access\results\M4_intersection_dev_blind_continuous_liftlaplace_eb_pool_std0.5_hybrid_rrf\manifest_M4_intersection_dev_blind_continuous_liftlaplace_eb_pool_std0.5_hybrid_rrf_20260920_093356.json,5f14ac60755fa6c553e9f6eb742718fc04f0e6b9,True,mean_delta_cosine,-0.00597,details=M4_intersection_dev_blind_continuous_liftlaplace_eb_pool_std0.5_hybrid_rrf_20260920_094224_details.json
M4_intersection_dev_conditioned_continuous_liftlaplace_eb_k10_pool_std1_20260920_094435,2026-09-20T09:49:27.928758+00:00,P4-generation,04_evaluate.py,experiments/04_evaluate.py --method M4_intersection --lift laplace_eb --prior-strength 10 --scale-mode pool_std --pool-lambda 1 --feedback-protocol conditioned,results\M4_intersection_dev_conditioned_continuous_liftlaplace_eb_k10_pool_std1,C:\Users\ailab\Documents\code\financial-pilot-ea\paper_ieee_access\results\M4_intersection_dev_conditioned_continuous_liftlaplace_eb_k10_pool_std1\manifest_M4_intersection_dev_conditioned_continuous_liftlaplace_eb_k10_pool_std1_20260920_094435.json,5f14ac60755fa6c553e9f6eb742718fc04f0e6b9,True,mean_delta_cosine,0.00799,details=M4_intersection_dev_conditioned_continuous_liftlaplace_eb_k10_pool_std1_20260920_094926_details.json
gate_pilot_20260920_101309,2026-09-20T10:13:19.348609+00:00,P5-gate-pilot,16_gate_pilot.py,experiments/16_gate_pilot.py --runs results/M5_backoff_dev_blind_continuous_liftlaplace_eb_pool_std0.5_minev2 results/M4_intersection_dev_blind_continuous_liftlaplace_eb_k10_pool_std1 --feedback-protocol blind --tag blind_eb,results\gate_pilot_blind_eb,C:\Users\ailab\Documents\code\financial-pilot-ea\paper_ieee_access\results\gate_pilot_blind_eb\manifest_gate_pilot_20260920_101309.json,5f14ac60755fa6c553e9f6eb742718fc04f0e6b9,True,max_oof_auc,0.706557072536454,
M4_intersection_dev_blind_continuous_liftlaplace_eb_k10_pool_std2_ce_rerank_20260920_103346,2026-09-20T10:47:08.819186+00:00,P4-generation,04_evaluate.py,experiments/04_evaluate.py --method M4_intersection --lift laplace_eb --prior-strength 10 --scale-mode pool_std --pool-lambda 2 --retriever ce_rerank --feedback-protocol blind,results\M4_intersection_dev_blind_continuous_liftlaplace_eb_k10_pool_std2_ce_rerank,C:\Users\ailab\Documents\code\financial-pilot-ea\paper_ieee_access\results\M4_intersection_dev_blind_continuous_liftlaplace_eb_k10_pool_std2_ce_rerank\manifest_M4_intersection_dev_blind_continuous_liftlaplace_eb_k10_pool_std2_ce_rerank_20260920_103346.json,5f14ac60755fa6c553e9f6eb742718fc04f0e6b9,True,mean_delta_cosine,0.00408,details=M4_intersection_dev_blind_continuous_liftlaplace_eb_k10_pool_std2_ce_rerank_20260920_104706_details.json
M5_backoff_dev_conditioned_continuous_liftlaplace_eb_pool_std0.5_minev2_20260920_105716,2026-09-20T11:06:48.567670+00:00,P4-generation,04_evaluate.py,experiments/04_evaluate.py --method M5_backoff --lift laplace_eb --prior-strength 2 --scale-mode pool_std --pool-lambda 0.5 --min-evidence 2 --feedback-protocol conditioned,results\M5_backoff_dev_conditioned_continuous_liftlaplace_eb_pool_std0.5_minev2,C:\Users\ailab\Documents\code\financial-pilot-ea\paper_ieee_access\results\M5_backoff_dev_conditioned_continuous_liftlaplace_eb_pool_std0.5_minev2\manifest_M5_backoff_dev_conditioned_continuous_liftlaplace_eb_pool_std0.5_minev2_20260920_105716.json,5f14ac60755fa6c553e9f6eb742718fc04f0e6b9,True,mean_delta_cosine,0.0046,details=M5_backoff_dev_conditioned_continuous_liftlaplace_eb_pool_std0.5_minev2_20260920_110646_details.json
rescore_20260920_101624,2026-09-20T12:31:43.135209+00:00,P1.2-rescore,08_rescore.py,experiments/08_rescore.py --runs *liftlaplace_eb* --force,results\rescored,C:\Users\ailab\Documents\code\financial-pilot-ea\paper_ieee_access\results\rescored\manifest_rescore_20260920_101624.json,5f14ac60755fa6c553e9f6eb742718fc04f0e6b9,True,n_runs,4,
M5_backoff_eval_conditioned_continuous_liftlaplace_eb_pool_std0.5_minev2_20260920_133018,2026-09-20T13:38:58.454033+00:00,P4-generation,04_evaluate.py,experiments/04_evaluate.py --method M5_backoff --lift laplace_eb --prior-strength 2 --scale-mode pool_std --pool-lambda 0.5 --min-evidence 2 --split eval,results\M5_backoff_eval_conditioned_continuous_liftlaplace_eb_pool_std0.5_minev2,C:\Users\ailab\Documents\code\financial-pilot-ea\paper_ieee_access\results\M5_backoff_eval_conditioned_continuous_liftlaplace_eb_pool_std0.5_minev2\manifest_M5_backoff_eval_conditioned_continuous_liftlaplace_eb_pool_std0.5_minev2_20260920_133018.json,5f14ac60755fa6c553e9f6eb742718fc04f0e6b9,True,mean_delta_cosine,-0.00166,details=M5_backoff_eval_conditioned_continuous_liftlaplace_eb_pool_std0.5_minev2_20260920_133856_details.json
M5_backoff_eval_blind_continuous_liftlaplace_eb_pool_std0.5_minev2_20260920_132729,2026-09-20T13:39:02.058810+00:00,P4-generation,04_evaluate.py,experiments/04_evaluate.py --method M5_backoff --lift laplace_eb --prior-strength 2 --scale-mode pool_std --pool-lambda 0.5 --min-evidence 2 --feedback-protocol blind --split eval,results\M5_backoff_eval_blind_continuous_liftlaplace_eb_pool_std0.5_minev2,C:\Users\ailab\Documents\code\financial-pilot-ea\paper_ieee_access\results\M5_backoff_eval_blind_continuous_liftlaplace_eb_pool_std0.5_minev2\manifest_M5_backoff_eval_blind_continuous_liftlaplace_eb_pool_std0.5_minev2_20260920_132729.json,5f14ac60755fa6c553e9f6eb742718fc04f0e6b9,True,mean_delta_cosine,0.00215,details=M5_backoff_eval_blind_continuous_liftlaplace_eb_pool_std0.5_minev2_20260920_133900_details.json
M4_intersection_eval_conditioned_continuous_20260920_134030,2026-09-20T13:48:28.511516+00:00,P4-generation,04_evaluate.py,experiments/04_evaluate.py --method M4_intersection --split eval,results\M4_intersection_eval_conditioned_continuous,C:\Users\ailab\Documents\code\financial-pilot-ea\paper_ieee_access\results\M4_intersection_eval_conditioned_continuous\manifest_M4_intersection_eval_conditioned_continuous_20260920_134030.json,5f14ac60755fa6c553e9f6eb742718fc04f0e6b9,True,mean_delta_cosine,0.01512,details=M4_intersection_eval_conditioned_continuous_20260920_134826_details.json
M2_team_eval_conditioned_continuous_20260920_134039,2026-09-20T13:48:49.535238+00:00,P4-generation,04_evaluate.py,experiments/04_evaluate.py --method M2_team --split eval,results\M2_team_eval_conditioned_continuous,C:\Users\ailab\Documents\code\financial-pilot-ea\paper_ieee_access\results\M2_team_eval_conditioned_continuous\manifest_M2_team_eval_conditioned_continuous_20260920_134039.json,5f14ac60755fa6c553e9f6eb742718fc04f0e6b9,True,mean_delta_cosine,0.01377,details=M2_team_eval_conditioned_continuous_20260920_134848_details.json
M2_team_eval_blind_continuous_20260920_171109,2026-09-20T17:19:14.108650+00:00,P4-generation,04_evaluate.py,experiments/04_evaluate.py --method M2_team --feedback-protocol blind --split eval,results\M2_team_eval_blind_continuous,C:\Users\ailab\Documents\code\financial-pilot-ea\paper_ieee_access\results\M2_team_eval_blind_continuous\manifest_M2_team_eval_blind_continuous_20260920_171109.json,5f14ac60755fa6c553e9f6eb742718fc04f0e6b9,True,mean_delta_cosine,-0.03827,details=M2_team_eval_blind_continuous_20260920_171912_details.json
M4_intersection_eval_blind_continuous_20260920_171109,2026-09-20T17:19:14.790347+00:00,P4-generation,04_evaluate.py,experiments/04_evaluate.py --method M4_intersection --feedback-protocol blind --split eval,results\M4_intersection_eval_blind_continuous,C:\Users\ailab\Documents\code\financial-pilot-ea\paper_ieee_access\results\M4_intersection_eval_blind_continuous\manifest_M4_intersection_eval_blind_continuous_20260920_171109.json,5f14ac60755fa6c553e9f6eb742718fc04f0e6b9,True,mean_delta_cosine,-0.03832,details=M4_intersection_eval_blind_continuous_20260920_171913_details.json
M5_backoff_eval_blind_continuous_liftlaplace_eb_pool_std0.5_minev2_disjoint_20260920_172720,2026-09-20T17:34:14.991669+00:00,P4-generation,04_evaluate.py,experiments/04_evaluate.py --method M5_backoff --lift laplace_eb --prior-strength 2 --scale-mode pool_std --pool-lambda 0.5 --min-evidence 2 --feedback-protocol blind --split eval --regime disjoint,results\M5_backoff_eval_blind_continuous_liftlaplace_eb_pool_std0.5_minev2_disjoint,C:\Users\ailab\Documents\code\financial-pilot-ea\paper_ieee_access\results\M5_backoff_eval_blind_continuous_liftlaplace_eb_pool_std0.5_minev2_disjoint\manifest_M5_backoff_eval_blind_continuous_liftlaplace_eb_pool_std0.5_minev2_disjoint_20260920_172720.json,5f14ac60755fa6c553e9f6eb742718fc04f0e6b9,True,mean_delta_cosine,0.0051,details=M5_backoff_eval_blind_continuous_liftlaplace_eb_pool_std0.5_minev2_disjoint_20260920_173414_details.json
M5_backoff_dev_blind_continuous_liftlaplace_eb_pool_std0.5_minev2_seed123_20260920_180151,2026-09-20T18:08:10.201011+00:00,P4-generation,04_evaluate.py,experiments/04_evaluate.py --method M5_backoff --lift laplace_eb --prior-strength 2 --scale-mode pool_std --pool-lambda 0.5 --min-evidence 2 --feedback-protocol blind --seed 123,results\M5_backoff_dev_blind_continuous_liftlaplace_eb_pool_std0.5_minev2_seed123,C:\Users\ailab\Documents\code\financial-pilot-ea\paper_ieee_access\results\M5_backoff_dev_blind_continuous_liftlaplace_eb_pool_std0.5_minev2_seed123\manifest_M5_backoff_dev_blind_continuous_liftlaplace_eb_pool_std0.5_minev2_seed123_20260920_180151.json,5f14ac60755fa6c553e9f6eb742718fc04f0e6b9,True,mean_delta_cosine,0.00492,details=M5_backoff_dev_blind_continuous_liftlaplace_eb_pool_std0.5_minev2_seed123_20260920_180807_details.json
M5_backoff_dev_blind_continuous_liftlaplace_eb_pool_std0.5_minev2_seed456_20260920_180230,2026-09-20T18:08:29.166830+00:00,P4-generation,04_evaluate.py,experiments/04_evaluate.py --method M5_backoff --lift laplace_eb --prior-strength 2 --scale-mode pool_std --pool-lambda 0.5 --min-evidence 2 --feedback-protocol blind --seed 456,results\M5_backoff_dev_blind_continuous_liftlaplace_eb_pool_std0.5_minev2_seed456,C:\Users\ailab\Documents\code\financial-pilot-ea\paper_ieee_access\results\M5_backoff_dev_blind_continuous_liftlaplace_eb_pool_std0.5_minev2_seed456\manifest_M5_backoff_dev_blind_continuous_liftlaplace_eb_pool_std0.5_minev2_seed456_20260920_180230.json,5f14ac60755fa6c553e9f6eb742718fc04f0e6b9,True,mean_delta_cosine,-0.00085,details=M5_backoff_dev_blind_continuous_liftlaplace_eb_pool_std0.5_minev2_seed456_20260920_180828_details.json
rescore_20260920_181006,2026-09-20T21:40:50.171589+00:00,P1.2-rescore,08_rescore.py,experiments/08_rescore.py --runs *M5_backoff*liftlaplace_eb* M4_intersection_dev*_eval* M2_team_dev*_eval* --force,results\rescored,C:\Users\ailab\Documents\code\financial-pilot-ea\paper_ieee_access\results\rescored\manifest_rescore_20260920_181006.json,5f14ac60755fa6c553e9f6eb742718fc04f0e6b9,True,n_runs,7,
gate_pilot_20260920_214436,2026-09-20T21:44:52.089290+00:00,P5-gate-pilot,16_gate_pilot.py,experiments/16_gate_pilot.py --runs results/M2_team_eval_blind_continuous results/M4_intersection_eval_blind_continuous --feedback-protocol blind --tag eval_blind,results\gate_pilot_eval_blind,C:\Users\ailab\Documents\code\financial-pilot-ea\paper_ieee_access\results\gate_pilot_eval_blind\manifest_gate_pilot_20260920_214436.json,5f14ac60755fa6c553e9f6eb742718fc04f0e6b9,True,max_oof_auc,0.6582458356359043,
gate_study_20260921_104239,2026-09-21T10:45:45.068920+00:00,P5-gate-study,17_gate_study.py,experiments/17_gate_study.py --tag general,results\gate_study_general,C:\Users\ailab\Documents\code\financial-pilot-ea\paper_ieee_access\results\gate_study_general\manifest_gate_study_20260921_104239.json,84184422602ea116ee42c9be2881b70dec2dc027,True,dev_deployable_oof_auc,0.6666,
gate_study_20260921_114908,2026-09-21T11:51:34.672020+00:00,P5-gate-study,17_gate_study.py,experiments/17_gate_study.py --tag general,results\gate_study_general,C:\Users\ailab\Documents\code\financial-pilot-ea\paper_ieee_access\results\gate_study_general\manifest_gate_study_20260921_114908.json,84184422602ea116ee42c9be2881b70dec2dc027,True,dev_deployable_oof_auc,0.6666,
M5_backoff_dev_blind_continuous_liftlaplace_eb_pool_std0.5_minev2_gated_20260921_121654,2026-09-21T12:22:51.515505+00:00,P4-generation,04_evaluate.py,experiments/04_evaluate.py --method M5_backoff --lift laplace_eb --prior-strength 2 --scale-mode pool_std --pool-lambda 0.5 --min-evidence 2 --feedback-protocol blind --gating-model results/gate_study_general/gate_model.joblib --gating-threshold 0.3,results\M5_backoff_dev_blind_continuous_liftlaplace_eb_pool_std0.5_minev2_gated,C:\Users\ailab\Documents\code\financial-pilot-ea\paper_ieee_access\results\M5_backoff_dev_blind_continuous_liftlaplace_eb_pool_std0.5_minev2_gated\manifest_M5_backoff_dev_blind_continuous_liftlaplace_eb_pool_std0.5_minev2_gated_20260921_121654.json,84184422602ea116ee42c9be2881b70dec2dc027,True,mean_delta_cosine,0.00876,details=M5_backoff_dev_blind_continuous_liftlaplace_eb_pool_std0.5_minev2_gated_20260921_122248_details.json
M5_backoff_eval_blind_continuous_liftlaplace_eb_pool_std0.5_minev2_gated_20260921_121654,2026-09-21T12:24:03.769286+00:00,P4-generation,04_evaluate.py,experiments/04_evaluate.py --method M5_backoff --lift laplace_eb --prior-strength 2 --scale-mode pool_std --pool-lambda 0.5 --min-evidence 2 --feedback-protocol blind --split eval --gating-model results/gate_study_general/gate_model.joblib --gating-threshold 0.3,results\M5_backoff_eval_blind_continuous_liftlaplace_eb_pool_std0.5_minev2_gated,C:\Users\ailab\Documents\code\financial-pilot-ea\paper_ieee_access\results\M5_backoff_eval_blind_continuous_liftlaplace_eb_pool_std0.5_minev2_gated\manifest_M5_backoff_eval_blind_continuous_liftlaplace_eb_pool_std0.5_minev2_gated_20260921_121654.json,84184422602ea116ee42c9be2881b70dec2dc027,True,mean_delta_cosine,0.00135,details=M5_backoff_eval_blind_continuous_liftlaplace_eb_pool_std0.5_minev2_gated_20260921_122402_details.json
M4_intersection_eval_conditioned_continuous_gated_20260921_125111,2026-09-21T12:57:22.396239+00:00,P4-generation,04_evaluate.py,experiments/04_evaluate.py --method M4_intersection --split eval --gating-model results/gate_study_general/gate_model.joblib --gating-threshold 0.3,results\M4_intersection_eval_conditioned_continuous_gated,C:\Users\ailab\Documents\code\financial-pilot-ea\paper_ieee_access\results\M4_intersection_eval_conditioned_continuous_gated\manifest_M4_intersection_eval_conditioned_continuous_gated_20260921_125111.json,84184422602ea116ee42c9be2881b70dec2dc027,True,mean_delta_cosine,0.0164,details=M4_intersection_eval_conditioned_continuous_gated_20260921_125720_details.json
M4_intersection_dev_conditioned_continuous_gated_20260921_125055,2026-09-21T12:57:48.402173+00:00,P4-generation,04_evaluate.py,experiments/04_evaluate.py --method M4_intersection --gating-model results/gate_study_general/gate_model.joblib --gating-threshold 0.3,results\M4_intersection_dev_conditioned_continuous_gated,C:\Users\ailab\Documents\code\financial-pilot-ea\paper_ieee_access\results\M4_intersection_dev_conditioned_continuous_gated\manifest_M4_intersection_dev_conditioned_continuous_gated_20260921_125055.json,84184422602ea116ee42c9be2881b70dec2dc027,True,mean_delta_cosine,0.03199,details=M4_intersection_dev_conditioned_continuous_gated_20260921_125747_details.json
rescore_20260921_125933,2026-09-21T15:38:57.237851+00:00,P1.2-rescore,08_rescore.py,experiments/08_rescore.py --runs *_gated --force,results\rescored,C:\Users\ailab\Documents\code\financial-pilot-ea\paper_ieee_access\results\rescored\manifest_rescore_20260921_125933.json,84184422602ea116ee42c9be2881b70dec2dc027,True,n_runs,4,
baseline_dev_conditioned_continuous_regime_smoke_20260922_092354,2026-09-22T09:24:01.508821+00:00,smoke,04_evaluate.py,experiments/04_evaluate.py --method baseline --limit 3 --tag regime_smoke,results\baseline_dev_conditioned_continuous_regime_smoke,C:\Users\ailab\Documents\code\financial-pilot-ea\paper_ieee_access\results\baseline_dev_conditioned_continuous_regime_smoke\manifest_baseline_dev_conditioned_continuous_regime_smoke_20260922_092354.json,84184422602ea116ee42c9be2881b70dec2dc027,True,mean_delta_cosine,0.0,details=baseline_dev_conditioned_continuous_regime_smoke_20260922_092400_details.json
baseline_dev_conditioned_continuous_20260922_094519,2026-09-22T10:10:43.088577+00:00,P4-generation,04_evaluate.py,experiments/04_evaluate.py --method baseline --split dev,results\baseline_dev_conditioned_continuous,C:\Users\ailab\Documents\code\financial-pilot-ea\paper_ieee_access\results\baseline_dev_conditioned_continuous\manifest_baseline_dev_conditioned_continuous_20260922_094519.json,84184422602ea116ee42c9be2881b70dec2dc027,True,mean_delta_cosine,0.0,details=baseline_dev_conditioned_continuous_20260922_101037_details.json
M4_intersection_dev_conditioned_continuous_20260922_094520,2026-09-22T10:11:07.475148+00:00,P4-generation,04_evaluate.py,experiments/04_evaluate.py --method M4_intersection --split dev,results\M4_intersection_dev_conditioned_continuous,C:\Users\ailab\Documents\code\financial-pilot-ea\paper_ieee_access\results\M4_intersection_dev_conditioned_continuous\manifest_M4_intersection_dev_conditioned_continuous_20260922_094520.json,84184422602ea116ee42c9be2881b70dec2dc027,True,mean_delta_cosine,0.03225,details=M4_intersection_dev_conditioned_continuous_20260922_101102_details.json
M2_team_dev_conditioned_continuous_20260922_094519,2026-09-22T10:13:26.735882+00:00,P4-generation,04_evaluate.py,experiments/04_evaluate.py --method M2_team --split dev,results\M2_team_dev_conditioned_continuous,C:\Users\ailab\Documents\code\financial-pilot-ea\paper_ieee_access\results\M2_team_dev_conditioned_continuous\manifest_M2_team_dev_conditioned_continuous_20260922_094519.json,84184422602ea116ee42c9be2881b70dec2dc027,True,mean_delta_cosine,0.02201,details=M2_team_dev_conditioned_continuous_20260922_101321_details.json
M1_global_dev_conditioned_binary_20260922_101851,2026-09-22T10:48:37.868726+00:00,P4-generation,04_evaluate.py,experiments/04_evaluate.py --method M1_global --split dev --agg-mode binary,results\M1_global_dev_conditioned_binary,C:\Users\ailab\Documents\code\financial-pilot-ea\paper_ieee_access\results\M1_global_dev_conditioned_binary\manifest_M1_global_dev_conditioned_binary_20260922_101851.json,84184422602ea116ee42c9be2881b70dec2dc027,True,mean_delta_cosine,-0.02246,details=M1_global_dev_conditioned_binary_20260922_104832_details.json
M1_global_dev_conditioned_continuous_20260922_101818,2026-09-22T10:49:06.302289+00:00,P4-generation,04_evaluate.py,experiments/04_evaluate.py --method M1_global --split dev,results\M1_global_dev_conditioned_continuous,C:\Users\ailab\Documents\code\financial-pilot-ea\paper_ieee_access\results\M1_global_dev_conditioned_continuous\manifest_M1_global_dev_conditioned_continuous_20260922_101818.json,84184422602ea116ee42c9be2881b70dec2dc027,True,mean_delta_cosine,-0.02763,details=M1_global_dev_conditioned_continuous_20260922_104901_details.json
M1_global_dev_blind_continuous_20260922_101827,2026-09-22T10:49:12.204287+00:00,P4-generation,04_evaluate.py,experiments/04_evaluate.py --method M1_global --split dev --feedback-protocol blind,results\M1_global_dev_blind_continuous,C:\Users\ailab\Documents\code\financial-pilot-ea\paper_ieee_access\results\M1_global_dev_blind_continuous\manifest_M1_global_dev_blind_continuous_20260922_101827.json,84184422602ea116ee42c9be2881b70dec2dc027,True,mean_delta_cosine,-0.03615,details=M1_global_dev_blind_continuous_20260922_104907_details.json
M3_class_dev_conditioned_continuous_20260922_105000,2026-09-22T11:13:37.212796+00:00,P4-generation,04_evaluate.py,experiments/04_evaluate.py --method M3_class --split dev,results\M3_class_dev_conditioned_continuous,C:\Users\ailab\Documents\code\financial-pilot-ea\paper_ieee_access\results\M3_class_dev_conditioned_continuous\manifest_M3_class_dev_conditioned_continuous_20260922_105000.json,84184422602ea116ee42c9be2881b70dec2dc027,True,mean_delta_cosine,-0.02652,details=M3_class_dev_conditioned_continuous_20260922_111332_details.json
M2_team_dev_conditioned_continuous_20260922_112326,2026-09-22T11:52:38.919442+00:00,P4-generation,04_evaluate.py,experiments/04_evaluate.py --method M2_team --split dev,results\M2_team_dev_conditioned_continuous,C:\Users\ailab\Documents\code\financial-pilot-ea\paper_ieee_access\results\M2_team_dev_conditioned_continuous\manifest_M2_team_dev_conditioned_continuous_20260922_112326.json,84184422602ea116ee42c9be2881b70dec2dc027,True,mean_delta_cosine,0.02201,details=M2_team_dev_conditioned_continuous_20260922_115232_details.json
M1_global_dev_conditioned_continuous_20260922_112325,2026-09-22T11:52:44.970986+00:00,P4-generation,04_evaluate.py,experiments/04_evaluate.py --method M1_global --split dev,results\M1_global_dev_conditioned_continuous,C:\Users\ailab\Documents\code\financial-pilot-ea\paper_ieee_access\results\M1_global_dev_conditioned_continuous\manifest_M1_global_dev_conditioned_continuous_20260922_112325.json,84184422602ea116ee42c9be2881b70dec2dc027,True,mean_delta_cosine,-0.02779,details=M1_global_dev_conditioned_continuous_20260922_115238_details.json
M1_global_dev_conditioned_binary_20260922_112326,2026-09-22T11:52:52.804062+00:00,P4-generation,04_evaluate.py,experiments/04_evaluate.py --method M1_global --split dev --agg-mode binary,results\M1_global_dev_conditioned_binary,C:\Users\ailab\Documents\code\financial-pilot-ea\paper_ieee_access\results\M1_global_dev_conditioned_binary\manifest_M1_global_dev_conditioned_binary_20260922_112326.json,84184422602ea116ee42c9be2881b70dec2dc027,True,mean_delta_cosine,-0.02246,details=M1_global_dev_conditioned_binary_20260922_115248_details.json
M1_global_dev_blind_continuous_20260922_112326,2026-09-22T11:52:58.622685+00:00,P4-generation,04_evaluate.py,experiments/04_evaluate.py --method M1_global --split dev --feedback-protocol blind,results\M1_global_dev_blind_continuous,C:\Users\ailab\Documents\code\financial-pilot-ea\paper_ieee_access\results\M1_global_dev_blind_continuous\manifest_M1_global_dev_blind_continuous_20260922_112326.json,84184422602ea116ee42c9be2881b70dec2dc027,True,mean_delta_cosine,-0.03615,details=M1_global_dev_blind_continuous_20260922_115253_details.json
M3_class_dev_conditioned_continuous_20260922_120001,2026-09-22T12:20:10.278831+00:00,P4-generation,04_evaluate.py,experiments/04_evaluate.py --method M3_class --split dev,results\M3_class_dev_conditioned_continuous,C:\Users\ailab\Documents\code\financial-pilot-ea\paper_ieee_access\results\M3_class_dev_conditioned_continuous\manifest_M3_class_dev_conditioned_continuous_20260922_120001.json,84184422602ea116ee42c9be2881b70dec2dc027,True,mean_delta_cosine,-0.02652,details=M3_class_dev_conditioned_continuous_20260922_122005_details.json
M4_intersection_dev_conditioned_continuous_20260922_120025,2026-09-22T12:20:38.138092+00:00,P4-generation,04_evaluate.py,experiments/04_evaluate.py --method M4_intersection --split dev,results\M4_intersection_dev_conditioned_continuous,C:\Users\ailab\Documents\code\financial-pilot-ea\paper_ieee_access\results\M4_intersection_dev_conditioned_continuous\manifest_M4_intersection_dev_conditioned_continuous_20260922_120025.json,84184422602ea116ee42c9be2881b70dec2dc027,True,mean_delta_cosine,0.03216,details=M4_intersection_dev_conditioned_continuous_20260922_122034_details.json
gate_study_20260922_131843,2026-09-22T13:26:52.317894+00:00,P5-gate-study,17_gate_study.py,experiments/17_gate_study.py --tag general,results\gate_study_general,C:\Users\ailab\Documents\code\financial-pilot-ea\paper_ieee_access\results\gate_study_general\manifest_gate_study_20260922_131843.json,84184422602ea116ee42c9be2881b70dec2dc027,True,dev_deployable_oof_auc,0.6984,
retriever_ladder_20260922_134121,2026-09-22T13:42:46.612241+00:00,P2-ladder,11_retriever_ladder.py,experiments/11_retriever_ladder.py --split dev --retrievers dense_minilm --routings M1_global M2_team M3_class M4_intersection M5_backoff --tag liftablation,results\retriever_ladder_liftablation,C:\Users\ailab\Documents\code\financial-pilot-ea\paper_ieee_access\results\retriever_ladder_liftablation\manifest_retriever_ladder_20260922_134121.json,84184422602ea116ee42c9be2881b70dec2dc027,True,n_cells,100,
retriever_ladder_20260922_134538,2026-09-22T13:47:00.960795+00:00,P2-ladder,11_retriever_ladder.py,experiments/11_retriever_ladder.py --split dev --retrievers dense_minilm --routings M1_global M2_team M3_class M4_intersection M5_backoff --feedback-protocol blind --tag liftablation_blind,results\retriever_ladder_liftablation_blind,C:\Users\ailab\Documents\code\financial-pilot-ea\paper_ieee_access\results\retriever_ladder_liftablation_blind\manifest_retriever_ladder_20260922_134538.json,84184422602ea116ee42c9be2881b70dec2dc027,True,n_cells,100,
rescore_20260922_093001,2026-09-22T14:28:32.361237+00:00,P1.2-rescore,08_rescore.py,experiments/08_rescore.py --runs *_gated M2_team_eval_conditioned_continuous M4_intersection_eval_conditioned_continuous M2_team_eval_blind_continuous M4_intersection_eval_blind_continuous M5_backoff_eval_*,results\rescored,C:\Users\ailab\Documents\code\financial-pilot-ea\paper_ieee_access\results\rescored\manifest_rescore_20260922_093001.json,84184422602ea116ee42c9be2881b70dec2dc027,True,n_runs,11,
M4_intersection_dev_conditioned_continuous_20260922_143941,2026-09-22T14:43:35.841302+00:00,P4-generation,04_evaluate.py,experiments/04_evaluate.py --method M4_intersection --split dev,results\M4_intersection_dev_conditioned_continuous,C:\Users\ailab\Documents\code\financial-pilot-ea\paper_ieee_access\results\M4_intersection_dev_conditioned_continuous\manifest_M4_intersection_dev_conditioned_continuous_20260922_143941.json,84184422602ea116ee42c9be2881b70dec2dc027,True,mean_delta_cosine,0.03144,details=M4_intersection_dev_conditioned_continuous_20260922_144334_details.json
magnitude_policy_20260922_144718,2026-09-22T14:47:47.887371+00:00,P6-magnitude-policy,18_magnitude_policy.py,experiments/18_magnitude_policy.py,results\magnitude_policy,C:\Users\ailab\Documents\code\financial-pilot-ea\paper_ieee_access\results\magnitude_policy\manifest_magnitude_policy_20260922_144718.json,84184422602ea116ee42c9be2881b70dec2dc027,True,gbr_oof_spearman,0.1739,
M4_intersection_dev_conditioned_continuous_20260922_145110,2026-09-22T14:54:40.193748+00:00,P4-generation,04_evaluate.py,experiments/04_evaluate.py --method M4_intersection --split dev,results\M4_intersection_dev_conditioned_continuous,C:\Users\ailab\Documents\code\financial-pilot-ea\paper_ieee_access\results\M4_intersection_dev_conditioned_continuous\manifest_M4_intersection_dev_conditioned_continuous_20260922_145110.json,84184422602ea116ee42c9be2881b70dec2dc027,True,mean_delta_cosine,0.03144,details=M4_intersection_dev_conditioned_continuous_20260922_145439_details.json
answer_judge_20260922_144733,2026-09-22T14:57:43.152510+00:00,P1.3-answer-judge,09_llm_judge_pairwise.py,experiments/09_llm_judge_pairwise.py --judge-model anthropic/claude-sonnet-5 --runs M4_intersection_eval_conditioned_continuous M2_team_eval_conditioned_continuous M4_intersection_eval_conditioned_continuous_gated M5_backoff_eval_blind_continuous_liftlaplace_eb_pool_std0.5_minev2_gated M5_backoff_eval_blind_continuous_liftlaplace_eb_pool_std0.5_minev2,results\answer_judge,C:\Users\ailab\Documents\code\financial-pilot-ea\paper_ieee_access\results\answer_judge\manifest_answer_judge_20260922_144733.json,84184422602ea116ee42c9be2881b70dec2dc027,True,net_win_rate,"{""M2_team_eval_conditioned_continuous"": 0.17708333333333334, ""M4_intersection_eval_conditioned_continuous"": 0.3068181818181818, ""M4_intersection_eval_conditioned_continuous_gated"": 0.3058823529411765, ""M5_backoff_eval_blind_continuous_liftlaplace_eb_pool_std0.5_minev2"": 0.029411764705882353, ""M5_backoff_eval_blind_continuous_liftlaplace_eb_pool_std0.5_minev2_gated"": -0.047619047619047616}",
gate_study_20260922_145517,2026-09-22T14:57:45.480545+00:00,P5-gate-study,17_gate_study.py,experiments/17_gate_study.py --tag general,results\gate_study_general,C:\Users\ailab\Documents\code\financial-pilot-ea\paper_ieee_access\results\gate_study_general\manifest_gate_study_20260922_145517.json,84184422602ea116ee42c9be2881b70dec2dc027,True,dev_deployable_oof_auc,0.6993,
magnitude_policy_20260922_145812,2026-09-22T14:58:44.936255+00:00,P6-magnitude-policy,18_magnitude_policy.py,experiments/18_magnitude_policy.py,results\magnitude_policy,C:\Users\ailab\Documents\code\financial-pilot-ea\paper_ieee_access\results\magnitude_policy\manifest_magnitude_policy_20260922_145812.json,84184422602ea116ee42c9be2881b70dec2dc027,True,gbr_oof_spearman,0.1458,
M2_team_dev_conditioned_continuous_seed123_20260922_151156,2026-09-22T15:34:48.124497+00:00,P4-generation,04_evaluate.py,experiments/04_evaluate.py --method M2_team --seed 123,results\M2_team_dev_conditioned_continuous_seed123,C:\Users\ailab\Documents\code\financial-pilot-ea\paper_ieee_access\results\M2_team_dev_conditioned_continuous_seed123\manifest_M2_team_dev_conditioned_continuous_seed123_20260922_151156.json,84184422602ea116ee42c9be2881b70dec2dc027,True,mean_delta_cosine,0.00624,details=M2_team_dev_conditioned_continuous_seed123_20260922_153442_details.json
M2_team_dev_conditioned_continuous_seed456_20260922_151223,2026-09-22T15:35:45.082423+00:00,P4-generation,04_evaluate.py,experiments/04_evaluate.py --method M2_team --seed 456,results\M2_team_dev_conditioned_continuous_seed456,C:\Users\ailab\Documents\code\financial-pilot-ea\paper_ieee_access\results\M2_team_dev_conditioned_continuous_seed456\manifest_M2_team_dev_conditioned_continuous_seed456_20260922_151223.json,84184422602ea116ee42c9be2881b70dec2dc027,True,mean_delta_cosine,-0.00063,details=M2_team_dev_conditioned_continuous_seed456_20260922_153541_details.json
M4_intersection_dev_conditioned_continuous_seed123_20260922_151413,2026-09-22T15:38:01.930429+00:00,P4-generation,04_evaluate.py,experiments/04_evaluate.py --method M4_intersection --seed 123,results\M4_intersection_dev_conditioned_continuous_seed123,C:\Users\ailab\Documents\code\financial-pilot-ea\paper_ieee_access\results\M4_intersection_dev_conditioned_continuous_seed123\manifest_M4_intersection_dev_conditioned_continuous_seed123_20260922_151413.json,84184422602ea116ee42c9be2881b70dec2dc027,True,mean_delta_cosine,0.01541,details=M4_intersection_dev_conditioned_continuous_seed123_20260922_153758_details.json
M4_intersection_dev_conditioned_continuous_seed456_20260922_151450,2026-09-22T15:38:40.528049+00:00,P4-generation,04_evaluate.py,experiments/04_evaluate.py --method M4_intersection --seed 456,results\M4_intersection_dev_conditioned_continuous_seed456,C:\Users\ailab\Documents\code\financial-pilot-ea\paper_ieee_access\results\M4_intersection_dev_conditioned_continuous_seed456\manifest_M4_intersection_dev_conditioned_continuous_seed456_20260922_151450.json,84184422602ea116ee42c9be2881b70dec2dc027,True,mean_delta_cosine,0.01256,details=M4_intersection_dev_conditioned_continuous_seed456_20260922_153837_details.json
M4_intersection_eval_conditioned_continuous_disjoint_20260922_155249,2026-09-22T16:12:20.347678+00:00,P4-generation,04_evaluate.py,experiments/04_evaluate.py --method M4_intersection --split eval --regime disjoint,results\M4_intersection_eval_conditioned_continuous_disjoint,C:\Users\ailab\Documents\code\financial-pilot-ea\paper_ieee_access\results\M4_intersection_eval_conditioned_continuous_disjoint\manifest_M4_intersection_eval_conditioned_continuous_disjoint_20260922_155249.json,84184422602ea116ee42c9be2881b70dec2dc027,True,mean_delta_cosine,0.01538,details=M4_intersection_eval_conditioned_continuous_disjoint_20260922_161214_details.json
M2_team_eval_conditioned_continuous_disjoint_20260922_155243,2026-09-22T16:12:47.857183+00:00,P4-generation,04_evaluate.py,experiments/04_evaluate.py --method M2_team --split eval --regime disjoint,results\M2_team_eval_conditioned_continuous_disjoint,C:\Users\ailab\Documents\code\financial-pilot-ea\paper_ieee_access\results\M2_team_eval_conditioned_continuous_disjoint\manifest_M2_team_eval_conditioned_continuous_disjoint_20260922_155243.json,84184422602ea116ee42c9be2881b70dec2dc027,True,mean_delta_cosine,0.01037,details=M2_team_eval_conditioned_continuous_disjoint_20260922_161244_details.json
M5_backoff_eval_blind_continuous_liftlaplace_eb_pool_std0.5_minev2_gengemini38flash_20260922_161855,2026-09-22T17:03:25.248827+00:00,P4-generation,04_evaluate.py,experiments/04_evaluate.py --method M5_backoff --lift laplace_eb --prior-strength 2 --scale-mode pool_std --pool-lambda 0.5 --min-evidence 2 --feedback-protocol blind --generator-model google/gemini-3.8-flash --split eval,results\M5_backoff_eval_blind_continuous_liftlaplace_eb_pool_std0.5_minev2_gengemini38flash,C:\Users\ailab\Documents\code\financial-pilot-ea\paper_ieee_access\results\M5_backoff_eval_blind_continuous_liftlaplace_eb_pool_std0.5_minev2_gengemini38flash\manifest_M5_backoff_eval_blind_continuous_liftlaplace_eb_pool_std0.5_minev2_gengemini38flash_20260922_161855.json,84184422602ea116ee42c9be2881b70dec2dc027,True,mean_delta_cosine,0.00656,details=M5_backoff_eval_blind_continuous_liftlaplace_eb_pool_std0.5_minev2_gengemini38flash_20260922_170320_details.json
M4_intersection_eval_conditioned_continuous_gengemini38flash_20260922_161814,2026-09-22T17:03:27.282870+00:00,P4-generation,04_evaluate.py,experiments/04_evaluate.py --method M4_intersection --generator-model google/gemini-3.8-flash --split eval,results\M4_intersection_eval_conditioned_continuous_gengemini38flash,C:\Users\ailab\Documents\code\financial-pilot-ea\paper_ieee_access\results\M4_intersection_eval_conditioned_continuous_gengemini38flash\manifest_M4_intersection_eval_conditioned_continuous_gengemini38flash_20260922_161814.json,84184422602ea116ee42c9be2881b70dec2dc027,True,mean_delta_cosine,0.03789,details=M4_intersection_eval_conditioned_continuous_gengemini38flash_20260922_170322_details.json
M2_team_eval_conditioned_continuous_gengemini38flash_20260922_161734,2026-09-22T17:03:32.105662+00:00,P4-generation,04_evaluate.py,experiments/04_evaluate.py --method M2_team --generator-model google/gemini-3.8-flash --split eval,results\M2_team_eval_conditioned_continuous_gengemini38flash,C:\Users\ailab\Documents\code\financial-pilot-ea\paper_ieee_access\results\M2_team_eval_conditioned_continuous_gengemini38flash\manifest_M2_team_eval_conditioned_continuous_gengemini38flash_20260922_161734.json,84184422602ea116ee42c9be2881b70dec2dc027,True,mean_delta_cosine,0.02703,details=M2_team_eval_conditioned_continuous_gengemini38flash_20260922_170327_details.json
M2_team_dev_conditioned_continuous_seed123_20260922_172341,2026-09-22T17:32:34.629623+00:00,P4-generation,04_evaluate.py,experiments/04_evaluate.py --method M2_team --seed 123,results\M2_team_dev_conditioned_continuous_seed123,C:\Users\ailab\Documents\code\financial-pilot-ea\paper_ieee_access\results\M2_team_dev_conditioned_continuous_seed123\manifest_M2_team_dev_conditioned_continuous_seed123_20260922_172341.json,84184422602ea116ee42c9be2881b70dec2dc027,True,mean_delta_cosine,0.00626,details=M2_team_dev_conditioned_continuous_seed123_20260922_173230_details.json
M2_team_dev_conditioned_continuous_seed456_20260922_173444,2026-09-22T17:43:09.377702+00:00,P4-generation,04_evaluate.py,experiments/04_evaluate.py --method M2_team --seed 456,results\M2_team_dev_conditioned_continuous_seed456,C:\Users\ailab\Documents\code\financial-pilot-ea\paper_ieee_access\results\M2_team_dev_conditioned_continuous_seed456\manifest_M2_team_dev_conditioned_continuous_seed456_20260922_173444.json,84184422602ea116ee42c9be2881b70dec2dc027,True,mean_delta_cosine,-0.00063,details=M2_team_dev_conditioned_continuous_seed456_20260922_174305_details.json
M4_intersection_dev_conditioned_continuous_seed123_20260922_174513,2026-09-22T17:53:35.323413+00:00,P4-generation,04_evaluate.py,experiments/04_evaluate.py --method M4_intersection --seed 123,results\M4_intersection_dev_conditioned_continuous_seed123,C:\Users\ailab\Documents\code\financial-pilot-ea\paper_ieee_access\results\M4_intersection_dev_conditioned_continuous_seed123\manifest_M4_intersection_dev_conditioned_continuous_seed123_20260922_174513.json,84184422602ea116ee42c9be2881b70dec2dc027,True,mean_delta_cosine,0.01541,details=M4_intersection_dev_conditioned_continuous_seed123_20260922_175332_details.json
M4_intersection_dev_conditioned_continuous_seed456_20260922_175531,2026-09-22T18:04:32.738478+00:00,P4-generation,04_evaluate.py,experiments/04_evaluate.py --method M4_intersection --seed 456,results\M4_intersection_dev_conditioned_continuous_seed456,C:\Users\ailab\Documents\code\financial-pilot-ea\paper_ieee_access\results\M4_intersection_dev_conditioned_continuous_seed456\manifest_M4_intersection_dev_conditioned_continuous_seed456_20260922_175531.json,84184422602ea116ee42c9be2881b70dec2dc027,True,mean_delta_cosine,0.01256,details=M4_intersection_dev_conditioned_continuous_seed456_20260922_180429_details.json
M2_team_eval_conditioned_continuous_disjoint_20260922_180701,2026-09-22T18:17:40.389565+00:00,P4-generation,04_evaluate.py,experiments/04_evaluate.py --method M2_team --split eval --regime disjoint,results\M2_team_eval_conditioned_continuous_disjoint,C:\Users\ailab\Documents\code\financial-pilot-ea\paper_ieee_access\results\M2_team_eval_conditioned_continuous_disjoint\manifest_M2_team_eval_conditioned_continuous_disjoint_20260922_180701.json,84184422602ea116ee42c9be2881b70dec2dc027,True,mean_delta_cosine,0.01031,details=M2_team_eval_conditioned_continuous_disjoint_20260922_181736_details.json
M4_intersection_eval_conditioned_continuous_disjoint_20260922_182512,2026-09-22T18:35:47.858667+00:00,P4-generation,04_evaluate.py,experiments/04_evaluate.py --method M4_intersection --split eval --regime disjoint,results\M4_intersection_eval_conditioned_continuous_disjoint,C:\Users\ailab\Documents\code\financial-pilot-ea\paper_ieee_access\results\M4_intersection_eval_conditioned_continuous_disjoint\manifest_M4_intersection_eval_conditioned_continuous_disjoint_20260922_182512.json,84184422602ea116ee42c9be2881b70dec2dc027,True,mean_delta_cosine,0.01517,details=M4_intersection_eval_conditioned_continuous_disjoint_20260922_183544_details.json
M2_team_eval_conditioned_continuous_gengemini38flash_20260922_183820,2026-09-22T18:49:27.868837+00:00,P4-generation,04_evaluate.py,experiments/04_evaluate.py --method M2_team --generator-model google/gemini-3.8-flash --split eval,results\M2_team_eval_conditioned_continuous_gengemini38flash,C:\Users\ailab\Documents\code\financial-pilot-ea\paper_ieee_access\results\M2_team_eval_conditioned_continuous_gengemini38flash\manifest_M2_team_eval_conditioned_continuous_gengemini38flash_20260922_183820.json,84184422602ea116ee42c9be2881b70dec2dc027,True,mean_delta_cosine,0.029,details=M2_team_eval_conditioned_continuous_gengemini38flash_20260922_184924_details.json
M4_intersection_eval_conditioned_continuous_gengemini38flash_20260922_185142,2026-09-22T19:03:26.605183+00:00,P4-generation,04_evaluate.py,experiments/04_evaluate.py --method M4_intersection --generator-model google/gemini-3.8-flash --split eval,results\M4_intersection_eval_conditioned_continuous_gengemini38flash,C:\Users\ailab\Documents\code\financial-pilot-ea\paper_ieee_access\results\M4_intersection_eval_conditioned_continuous_gengemini38flash\manifest_M4_intersection_eval_conditioned_continuous_gengemini38flash_20260922_185142.json,84184422602ea116ee42c9be2881b70dec2dc027,True,mean_delta_cosine,0.04029,details=M4_intersection_eval_conditioned_continuous_gengemini38flash_20260922_190322_details.json
M5_backoff_eval_blind_continuous_liftlaplace_eb_pool_std0.5_minev2_gengemini38flash_20260922_190558,2026-09-22T19:17:19.525717+00:00,P4-generation,04_evaluate.py,experiments/04_evaluate.py --method M5_backoff --lift laplace_eb --prior-strength 2 --scale-mode pool_std --pool-lambda 0.5 --min-evidence 2 --feedback-protocol blind --generator-model google/gemini-3.8-flash --split eval,results\M5_backoff_eval_blind_continuous_liftlaplace_eb_pool_std0.5_minev2_gengemini38flash,C:\Users\ailab\Documents\code\financial-pilot-ea\paper_ieee_access\results\M5_backoff_eval_blind_continuous_liftlaplace_eb_pool_std0.5_minev2_gengemini38flash\manifest_M5_backoff_eval_blind_continuous_liftlaplace_eb_pool_std0.5_minev2_gengemini38flash_20260922_190558.json,84184422602ea116ee42c9be2881b70dec2dc027,True,mean_delta_cosine,0.00731,details=M5_backoff_eval_blind_continuous_liftlaplace_eb_pool_std0.5_minev2_gengemini38flash_20260922_191715_details.json
rescore_20260922_161611,2026-09-22T19:20:08.759134+00:00,P1.2-rescore,08_rescore.py,experiments/08_rescore.py --no-bertscore --runs baseline_dev_conditioned_continuous M1_global_dev_* M2_team_dev_* M3_class_dev_* M4_intersection_dev_* M5_backoff_dev_* M2_team_eval_* M4_intersection_eval_* M5_backoff_eval_*,results\rescored,C:\Users\ailab\Documents\code\financial-pilot-ea\paper_ieee_access\results\rescored\manifest_rescore_20260922_161611.json,84184422602ea116ee42c9be2881b70dec2dc027,True,n_runs,36,
rescore_20260922_192427,2026-09-22T20:56:02.285502+00:00,P1.2-rescore,08_rescore.py,experiments/08_rescore.py --no-bertscore --runs baseline_dev_conditioned_continuous M1_global_dev_* M2_team_dev_* M3_class_dev_* M4_intersection_dev_* M5_backoff_dev_* M2_team_eval_* M4_intersection_eval_* M5_backoff_eval_*,results\rescored,C:\Users\ailab\Documents\code\financial-pilot-ea\paper_ieee_access\results\rescored\manifest_rescore_20260922_192427.json,84184422602ea116ee42c9be2881b70dec2dc027,True,n_runs,39,
