lift,routing,train_gain,dev_gain,dev_pct_improved,dev_pct_worsened,min_evidence,w_global,w_class,w_team,w_intersection
laplace|absolute1,M1_global,-0.05150867607402095,-0.05572306423164834,0.14106583072100312,0.29780564263322884,,,,,
laplace|absolute1,M2_team,0.00997734230631169,0.003487539387141649,0.26959247648902823,0.31974921630094044,,,,,
laplace|absolute1,M3_class,-0.005805972955085693,-0.017535468475852266,0.22884012539184953,0.2852664576802508,,,,,
laplace|absolute1,M4_intersection,0.039108999141392244,0.04188954903741242,0.28213166144200624,0.1974921630094044,,,,,
laplace|absolute1,M5_backoff,0.03737690896304974,0.046457242360776495,0.2884012539184953,0.19435736677115986,1.0,,,,
laplace|absolute1,M5_backoff,0.03807848136116812,0.04708496402937417,0.29780564263322884,0.19435736677115986,2.0,,,,
laplace|absolute1,M5_backoff,0.034804973492487956,0.039304271095131633,0.2852664576802508,0.1974921630094044,3.0,,,,
laplace|absolute1,M5_backoff,0.029985924533532257,0.031286353940220085,0.26959247648902823,0.21003134796238246,5.0,,,,
laplace|absolute1,M5_backoff,0.02312184995382914,0.030823749189373095,0.27586206896551724,0.22570532915360503,8.0,,,,
laplace|absolute1,M6_blend,0.025301341964504714,0.02520215386367143,0.1536050156739812,0.0877742946708464,,0.0,0.0,0.0,0.25
laplace|absolute1,M6_blend,0.036091066684769066,0.03528786274286273,0.21316614420062696,0.13479623824451412,,0.0,0.0,0.0,0.5
laplace|absolute1,M6_blend,0.039572414630230576,0.039576889333960405,0.25391849529780564,0.16927899686520376,,0.0,0.0,0.0,0.75
laplace|absolute1,M6_blend,0.039108999141392244,0.04188954903741242,0.28213166144200624,0.1974921630094044,,0.0,0.0,0.0,1.0
laplace|absolute1,M6_blend,0.012402271376424183,0.01193997021005445,0.14106583072100312,0.11912225705329153,,0.0,0.0,0.25,0.0
laplace|absolute1,M6_blend,0.02811464051220668,0.031197554627462615,0.21316614420062696,0.15673981191222572,,0.0,0.0,0.25,0.25
laplace|absolute1,M6_blend,0.03691696927162494,0.03790709428886261,0.2601880877742947,0.18808777429467086,,0.0,0.0,0.25,0.5
laplace|absolute1,M6_blend,0.03955175310075241,0.04109394238520192,0.30094043887147337,0.22884012539184953,,0.0,0.0,0.25,0.75
laplace|absolute1,M6_blend,0.037161665889837596,0.03652213965790772,0.30407523510971785,0.2664576802507837,,0.0,0.0,0.25,1.0
laplace|absolute1,M6_blend,0.013180392953155642,0.010247316223140047,0.19435736677115986,0.18808777429467086,,0.0,0.0,0.5,0.0
laplace|absolute1,M6_blend,0.0317409610148235,0.032345204249164525,0.25705329153605017,0.21003134796238246,,0.0,0.0,0.5,0.25
laplace|absolute1,M6_blend,0.03809260008384629,0.03437146681089386,0.30094043887147337,0.2476489028213166,,0.0,0.0,0.5,0.5
laplace|absolute1,M6_blend,0.03532791208949975,0.036709568448668364,0.31347962382445144,0.27586206896551724,,0.0,0.0,0.5,0.75
laplace|absolute1,M6_blend,0.033841292464793796,0.03514307294753278,0.31347962382445144,0.2946708463949843,,0.0,0.0,0.5,1.0
laplace|absolute1,M6_blend,0.01107780585714652,0.011496242789732625,0.2507836990595611,0.25391849529780564,,0.0,0.0,0.75,0.0
laplace|absolute1,M6_blend,0.029586065174472903,0.03031137019255692,0.29780564263322884,0.25705329153605017,,0.0,0.0,0.75,0.25
laplace|absolute1,M6_blend,0.030633535749514443,0.031134803315221702,0.3166144200626959,0.26959247648902823,,0.0,0.0,0.75,0.5
laplace|absolute1,M6_blend,0.0312150735917219,0.033337235579202915,0.31974921630094044,0.29153605015673983,,0.0,0.0,0.75,0.75
laplace|absolute1,M6_blend,0.03004633144375811,0.026205910001896017,0.3072100313479624,0.34169278996865204,,0.0,0.0,0.75,1.0
laplace|absolute1,M6_blend,0.00997734230631169,0.003487539387141649,0.26959247648902823,0.31974921630094044,,0.0,0.0,1.0,0.0
laplace|absolute1,M6_blend,0.023145959065518508,0.016260967370951812,0.2884012539184953,0.34169278996865204,,0.0,0.0,1.0,0.25
laplace|absolute1,M6_blend,0.024946696110120667,0.018998692787272804,0.30094043887147337,0.34169278996865204,,0.0,0.0,1.0,0.5
laplace|absolute1,M6_blend,0.027525154551266265,0.025372462411378992,0.30407523510971785,0.3510971786833856,,0.0,0.0,1.0,0.75
laplace|absolute1,M6_blend,0.0260110963645109,0.020516193130266702,0.3072100313479624,0.3730407523510972,,0.0,0.0,1.0,1.0
laplace|absolute1,M6_blend,-0.014598813875321647,-0.033625698517015364,0.109717868338558,0.18808777429467086,,0.0,0.25,0.0,0.0
laplace|absolute1,M6_blend,0.034078080033149424,0.03235130956787675,0.2006269592476489,0.1786833855799373,,0.0,0.25,0.0,0.25
laplace|absolute1,M6_blend,0.04097215082827353,0.03574695074959982,0.2413793103448276,0.219435736677116,,0.0,0.25,0.0,0.5
laplace|absolute1,M6_blend,0.04092718195806603,0.039185382017054154,0.26959247648902823,0.2445141065830721,,0.0,0.25,0.0,0.75
laplace|absolute1,M6_blend,0.03756721925355307,0.0336506613486426,0.27899686520376177,0.29153605015673983,,0.0,0.25,0.0,1.0
laplace|absolute1,M6_blend,0.021238645131101488,0.022138161870846555,0.19435736677115986,0.18495297805642633,,0.0,0.25,0.25,0.0
laplace|absolute1,M6_blend,0.037205165705817556,0.035395662881270475,0.2476489028213166,0.21316614420062696,,0.0,0.25,0.25,0.25
laplace|absolute1,M6_blend,0.03755960849369399,0.03610934967578018,0.27586206896551724,0.25391849529780564,,0.0,0.25,0.25,0.5
laplace|absolute1,M6_blend,0.03634576137938191,0.03342338173787422,0.2884012539184953,0.30407523510971785,,0.0,0.25,0.25,0.75
laplace|absolute1,M6_blend,0.03578563345090225,0.03112471571957056,0.27899686520376177,0.329153605015674,,0.0,0.25,0.25,1.0
laplace|absolute1,M6_blend,0.027499115488869574,0.0219685277291413,0.2413793103448276,0.21630094043887146,,0.0,0.25,0.5,0.0
laplace|absolute1,M6_blend,0.03581154779218146,0.031587006168025414,0.29780564263322884,0.2445141065830721,,0.0,0.25,0.5,0.25
laplace|absolute1,M6_blend,0.034413876151719085,0.033481003033423495,0.3103448275862069,0.2884012539184953,,0.0,0.25,0.5,0.5
laplace|absolute1,M6_blend,0.03258549702032374,0.03469587583386786,0.30407523510971785,0.3103448275862069,,0.0,0.25,0.5,0.75
laplace|absolute1,M6_blend,0.03150107261776746,0.02909497600223951,0.30094043887147337,0.3385579937304075,,0.0,0.25,0.5,1.0
laplace|absolute1,M6_blend,0.02861150167033857,0.030893899185063325,0.29780564263322884,0.2601880877742947,,0.0,0.25,0.75,0.0
laplace|absolute1,M6_blend,0.030911051139982253,0.029640888310618535,0.31347962382445144,0.29153605015673983,,0.0,0.25,0.75,0.25
laplace|absolute1,M6_blend,0.03099557588933405,0.028853239485742904,0.31347962382445144,0.3072100313479624,,0.0,0.25,0.75,0.5
laplace|absolute1,M6_blend,0.029715426295893882,0.026938488572649074,0.3103448275862069,0.3385579937304075,,0.0,0.25,0.75,0.75
laplace|absolute1,M6_blend,0.029078107076890104,0.02614131580372589,0.3072100313479624,0.3605015673981191,,0.0,0.25,0.75,1.0
laplace|absolute1,M6_blend,0.023474744005565762,0.01817125568989676,0.2946708463949843,0.3385579937304075,,0.0,0.25,1.0,0.0
laplace|absolute1,M6_blend,0.025465659436542786,0.022621308292808204,0.3072100313479624,0.34169278996865204,,0.0,0.25,1.0,0.25
laplace|absolute1,M6_blend,0.02576007769105782,0.02479023102168753,0.3103448275862069,0.3542319749216301,,0.0,0.25,1.0,0.5
laplace|absolute1,M6_blend,0.026177110167428137,0.02289034973911731,0.3072100313479624,0.36363636363636365,,0.0,0.25,1.0,0.75
laplace|absolute1,M6_blend,0.025374971656871276,0.013775911322301458,0.30407523510971785,0.4043887147335423,,0.0,0.25,1.0,1.0
laplace|absolute1,M6_blend,-0.0073922200803061555,-0.0212222037247169,0.1786833855799373,0.21316614420062696,,0.0,0.5,0.0,0.0
laplace|absolute1,M6_blend,0.004880018180113175,-0.014880631679558082,0.219435736677116,0.23510971786833856,,0.0,0.5,0.0,0.25
laplace|absolute1,M6_blend,0.036374750791079366,0.027048706249290125,0.25705329153605017,0.26332288401253917,,0.0,0.5,0.0,0.5
laplace|absolute1,M6_blend,0.036795588163552904,0.03390808409330987,0.2852664576802508,0.29780564263322884,,0.0,0.5,0.0,0.75
laplace|absolute1,M6_blend,0.035653505771333915,0.028204101765510803,0.28213166144200624,0.322884012539185,,0.0,0.5,0.0,1.0
laplace|absolute1,M6_blend,-0.0015097645523476336,-0.019592898988331373,0.1974921630094044,0.25705329153605017,,0.0,0.5,0.25,0.0
laplace|absolute1,M6_blend,0.03327284524178001,0.026211430228148883,0.25391849529780564,0.26959247648902823,,0.0,0.5,0.25,0.25
laplace|absolute1,M6_blend,0.03455678916643405,0.029656719976925178,0.27586206896551724,0.31347962382445144,,0.0,0.5,0.25,0.5
laplace|absolute1,M6_blend,0.0352065957791505,0.02786677628522009,0.27899686520376177,0.3385579937304075,,0.0,0.5,0.25,0.75
laplace|absolute1,M6_blend,0.03264657679519877,0.024517244598054586,0.2852664576802508,0.3542319749216301,,0.0,0.5,0.25,1.0
laplace|absolute1,M6_blend,0.023825501517927304,0.015165688008723961,0.2601880877742947,0.28213166144200624,,0.0,0.5,0.5,0.0
laplace|absolute1,M6_blend,0.029403098453428162,0.025069823727992636,0.28213166144200624,0.3166144200626959,,0.0,0.5,0.5,0.25
laplace|absolute1,M6_blend,0.034922741658737405,0.02823859265185075,0.2884012539184953,0.34169278996865204,,0.0,0.5,0.5,0.5
laplace|absolute1,M6_blend,0.031507189238946756,0.024498824590706153,0.2852664576802508,0.3542319749216301,,0.0,0.5,0.5,0.75
laplace|absolute1,M6_blend,0.028337812216386014,0.02242473672876911,0.29153605015673983,0.3887147335423197,,0.0,0.5,0.5,1.0
laplace|absolute1,M6_blend,0.025911850693523204,0.02052379057371878,0.3072100313479624,0.3072100313479624,,0.0,0.5,0.75,0.0
laplace|absolute1,M6_blend,0.028144529573025354,0.02077337157062976,0.31347962382445144,0.322884012539185,,0.0,0.5,0.75,0.25
laplace|absolute1,M6_blend,0.03083008089461332,0.022444448314116665,0.3103448275862069,0.3385579937304075,,0.0,0.5,0.75,0.5
laplace|absolute1,M6_blend,0.02897724581793256,0.019583891399882057,0.3072100313479624,0.36990595611285265,,0.0,0.5,0.75,0.75
laplace|absolute1,M6_blend,0.027297316178475806,0.02033365276119552,0.31347962382445144,0.3887147335423197,,0.0,0.5,0.75,1.0
laplace|absolute1,M6_blend,0.024108228891035692,0.0191671982010517,0.30407523510971785,0.3510971786833856,,0.0,0.5,1.0,0.0
laplace|absolute1,M6_blend,0.021834172083569824,0.0175907657274445,0.3103448275862069,0.36363636363636365,,0.0,0.5,1.0,0.25
laplace|absolute1,M6_blend,0.0242741692149354,0.018938428147179207,0.31347962382445144,0.3667711598746082,,0.0,0.5,1.0,0.5
laplace|absolute1,M6_blend,0.025581215064896266,0.013689466614895106,0.3103448275862069,0.3949843260188088,,0.0,0.5,1.0,0.75
laplace|absolute1,M6_blend,0.02365598887425756,0.014204102915749655,0.3166144200626959,0.4106583072100313,,0.0,0.5,1.0,1.0
laplace|absolute1,M6_blend,-0.006037427193075758,-0.021535929082235946,0.20376175548589343,0.2445141065830721,,0.0,0.75,0.0,0.0
laplace|absolute1,M6_blend,0.002533710529870759,-0.010968411125266066,0.2413793103448276,0.2727272727272727,,0.0,0.75,0.0,0.25
laplace|absolute1,M6_blend,0.03183716040842897,0.011554822804505548,0.26332288401253917,0.3103448275862069,,0.0,0.75,0.0,0.5
laplace|absolute1,M6_blend,0.03177707866343388,0.018216460768051657,0.27586206896551724,0.32601880877742945,,0.0,0.75,0.0,0.75
laplace|absolute1,M6_blend,0.03272682283251867,0.025598133023723164,0.27586206896551724,0.36363636363636365,,0.0,0.75,0.0,1.0
laplace|absolute1,M6_blend,-4.231800396283898e-05,-0.021946264366651404,0.2225705329153605,0.2946708463949843,,0.0,0.75,0.25,0.0
laplace|absolute1,M6_blend,0.019331903147812433,0.0013890272841371339,0.2601880877742947,0.329153605015674,,0.0,0.75,0.25,0.25
laplace|absolute1,M6_blend,0.0293708480467621,0.01762757981692362,0.27586206896551724,0.3385579937304075,,0.0,0.75,0.25,0.5
laplace|absolute1,M6_blend,0.02950514174105731,0.022982578491062205,0.2884012539184953,0.3605015673981191,,0.0,0.75,0.25,0.75
laplace|absolute1,M6_blend,0.03019867861162922,0.022652428223515004,0.29153605015673983,0.3793103448275862,,0.0,0.75,0.25,1.0
laplace|absolute1,M6_blend,0.009245450079922642,-0.0025139858940365174,0.2601880877742947,0.322884012539185,,0.0,0.75,0.5,0.0
laplace|absolute1,M6_blend,0.02681681242212441,0.017741631646421636,0.27586206896551724,0.3385579937304075,,0.0,0.75,0.5,0.25
laplace|absolute1,M6_blend,0.029172557208566145,0.022467065929525697,0.29153605015673983,0.3510971786833856,,0.0,0.75,0.5,0.5
laplace|absolute1,M6_blend,0.026277067873506026,0.019928204590530605,0.2946708463949843,0.3793103448275862,,0.0,0.75,0.5,0.75
laplace|absolute1,M6_blend,0.02724335889108182,0.018709661666782673,0.30094043887147337,0.40752351097178685,,0.0,0.75,0.5,1.0
laplace|absolute1,M6_blend,0.018276455746390825,0.00877045239774411,0.26959247648902823,0.3573667711598746,,0.0,0.75,0.75,0.0
laplace|absolute1,M6_blend,0.02430292440828674,0.01848666518225939,0.29153605015673983,0.36990595611285265,,0.0,0.75,0.75,0.25
laplace|absolute1,M6_blend,0.024887276872788855,0.012853802756923119,0.27586206896551724,0.4012539184952978,,0.0,0.75,0.75,0.5
laplace|absolute1,M6_blend,0.02713454188460777,0.01684059393022875,0.28213166144200624,0.41379310344827586,,0.0,0.75,0.75,0.75
laplace|absolute1,M6_blend,0.027061138170557032,0.016708913606629475,0.2946708463949843,0.4231974921630094,,0.0,0.75,0.75,1.0
laplace|absolute1,M6_blend,0.018009494858579646,0.011931468572082191,0.30094043887147337,0.3793103448275862,,0.0,0.75,1.0,0.0
laplace|absolute1,M6_blend,0.020108982373309027,0.009037361821877919,0.2946708463949843,0.4043887147335423,,0.0,0.75,1.0,0.25
laplace|absolute1,M6_blend,0.02048201322267023,0.0055944996894713855,0.29780564263322884,0.4231974921630094,,0.0,0.75,1.0,0.5
laplace|absolute1,M6_blend,0.024518573817909443,0.013027160390510828,0.30407523510971785,0.4231974921630094,,0.0,0.75,1.0,0.75
laplace|absolute1,M6_blend,0.02389089380028172,0.012723667599657859,0.3166144200626959,0.43260188087774293,,0.0,0.75,1.0,1.0
laplace|absolute1,M6_blend,-0.005805972955085693,-0.017535468475852266,0.22884012539184953,0.2852664576802508,,0.0,1.0,0.0,0.0
laplace|absolute1,M6_blend,-0.004072045389741048,-0.017264351353843382,0.2445141065830721,0.329153605015674,,0.0,1.0,0.0,0.25
laplace|absolute1,M6_blend,0.0014104143650629525,-0.02037718297685949,0.2445141065830721,0.3605015673981191,,0.0,1.0,0.0,0.5
laplace|absolute1,M6_blend,0.028714017038804253,0.011075506775076486,0.2664576802507837,0.3667711598746082,,0.0,1.0,0.0,0.75
laplace|absolute1,M6_blend,0.027635677707018778,0.0054911942247499864,0.26959247648902823,0.38557993730407525,,0.0,1.0,0.0,1.0
laplace|absolute1,M6_blend,-0.008620066712780141,-0.02413219212317915,0.23824451410658307,0.3448275862068966,,0.0,1.0,0.25,0.0
laplace|absolute1,M6_blend,-8.539673909417657e-05,-0.01867951617392253,0.25391849529780564,0.3542319749216301,,0.0,1.0,0.25,0.25
laplace|absolute1,M6_blend,0.02224210782081593,0.002091551053580072,0.26959247648902823,0.3887147335423197,,0.0,1.0,0.25,0.5
laplace|absolute1,M6_blend,0.026681558400602556,0.007586764049100278,0.28213166144200624,0.3887147335423197,,0.0,1.0,0.25,0.75
laplace|absolute1,M6_blend,0.027137218785455244,0.016118473498892262,0.2884012539184953,0.4043887147335423,,0.0,1.0,0.25,1.0
laplace|absolute1,M6_blend,-0.0012336267173769704,-0.0234598495112878,0.25391849529780564,0.3667711598746082,,0.0,1.0,0.5,0.0
laplace|absolute1,M6_blend,0.020437398793627687,0.008528876255578756,0.27586206896551724,0.3730407523510972,,0.0,1.0,0.5,0.25
laplace|absolute1,M6_blend,0.024716604797748724,0.01371338140207772,0.29153605015673983,0.39184952978056425,,0.0,1.0,0.5,0.5
laplace|absolute1,M6_blend,0.025810998806927207,0.016964095875293857,0.2946708463949843,0.4043887147335423,,0.0,1.0,0.5,0.75
laplace|absolute1,M6_blend,0.024333353890243978,0.011953853969943935,0.2884012539184953,0.42946708463949845,,0.0,1.0,0.5,1.0
laplace|absolute1,M6_blend,0.015609771195705767,0.006896005377033288,0.2727272727272727,0.3824451410658307,,0.0,1.0,0.75,0.0
laplace|absolute1,M6_blend,0.01846916253566063,0.0033303178192866634,0.27899686520376177,0.4043887147335423,,0.0,1.0,0.75,0.25
laplace|absolute1,M6_blend,0.023918084660226772,0.01268209996968975,0.2884012539184953,0.41379310344827586,,0.0,1.0,0.75,0.5
laplace|absolute1,M6_blend,0.025476170576480908,0.011652529835233868,0.2884012539184953,0.4263322884012539,,0.0,1.0,0.75,0.75
laplace|absolute1,M6_blend,0.023245600296146234,0.009187643676061988,0.2946708463949843,0.43573667711598746,,0.0,1.0,0.75,1.0
laplace|absolute1,M6_blend,0.012506142916297858,-0.0019547165280972903,0.27586206896551724,0.4263322884012539,,0.0,1.0,1.0,0.0
laplace|absolute1,M6_blend,0.01851474825963208,0.007811006006775979,0.28213166144200624,0.43260188087774293,,0.0,1.0,1.0,0.25
laplace|absolute1,M6_blend,0.020010982128814848,0.007380939471217159,0.2884012539184953,0.44200626959247646,,0.0,1.0,1.0,0.5
laplace|absolute1,M6_blend,0.021761934487212763,0.008727983048997329,0.2946708463949843,0.4482758620689655,,0.0,1.0,1.0,0.75
laplace|absolute1,M6_blend,0.02106903436124868,0.008468609186455747,0.29153605015673983,0.45454545454545453,,0.0,1.0,1.0,1.0
laplace|absolute1,M6_blend,-0.021472245556618468,-0.027986295170918527,0.06583072100313479,0.10031347962382445,,0.25,0.0,0.0,0.0
laplace|absolute1,M6_blend,0.02459121709753142,0.027801656622591438,0.1974921630094044,0.12539184952978055,,0.25,0.0,0.0,0.25
laplace|absolute1,M6_blend,0.034326736910739626,0.032954803116175824,0.23510971786833856,0.1755485893416928,,0.25,0.0,0.0,0.5
laplace|absolute1,M6_blend,0.037802853216342885,0.043615421239391765,0.2946708463949843,0.20376175548589343,,0.25,0.0,0.0,0.75
laplace|absolute1,M6_blend,0.03855101012355374,0.04035126937547447,0.3166144200626959,0.2413793103448276,,0.25,0.0,0.0,1.0
laplace|absolute1,M6_blend,0.010321721888321254,0.007806423409231778,0.1724137931034483,0.15673981191222572,,0.25,0.0,0.25,0.0
laplace|absolute1,M6_blend,0.026141941513185198,0.034000076131667466,0.25391849529780564,0.1786833855799373,,0.25,0.0,0.25,0.25
laplace|absolute1,M6_blend,0.03587348565670337,0.040914128321371854,0.30094043887147337,0.21003134796238246,,0.25,0.0,0.25,0.5
laplace|absolute1,M6_blend,0.03686513875612187,0.040370068544971535,0.3385579937304075,0.2507836990595611,,0.25,0.0,0.25,0.75
laplace|absolute1,M6_blend,0.034813943868216575,0.036326956471025386,0.322884012539185,0.2884012539184953,,0.25,0.0,0.25,1.0
laplace|absolute1,M6_blend,0.008791662701448015,0.009037244492750557,0.22884012539184953,0.22884012539184953,,0.25,0.0,0.5,0.0
laplace|absolute1,M6_blend,0.029056893224331522,0.033276924507277886,0.2946708463949843,0.23510971786833856,,0.25,0.0,0.5,0.25
laplace|absolute1,M6_blend,0.03396417898076092,0.03500621893142458,0.335423197492163,0.2727272727272727,,0.25,0.0,0.5,0.5
laplace|absolute1,M6_blend,0.03436750395871606,0.0366251641376452,0.3322884012539185,0.3072100313479624,,0.25,0.0,0.5,0.75
laplace|absolute1,M6_blend,0.03323817360008046,0.028800786650946895,0.32601880877742945,0.335423197492163,,0.25,0.0,0.5,1.0
laplace|absolute1,M6_blend,0.009144946020563262,0.012820408297089574,0.2664576802507837,0.2946708463949843,,0.25,0.0,0.75,0.0
laplace|absolute1,M6_blend,0.027754052603672467,0.027296138606194793,0.3103448275862069,0.3072100313479624,,0.25,0.0,0.75,0.25
laplace|absolute1,M6_blend,0.029225506104851365,0.030241223606850286,0.32601880877742945,0.3166144200626959,,0.25,0.0,0.75,0.5
laplace|absolute1,M6_blend,0.027565412702789883,0.029872739938639547,0.31974921630094044,0.335423197492163,,0.25,0.0,0.75,0.75
laplace|absolute1,M6_blend,0.028932362833062445,0.024424448387469617,0.31347962382445144,0.36363636363636365,,0.25,0.0,0.75,1.0
laplace|absolute1,M6_blend,0.006235533188137487,0.002204605462876233,0.3072100313479624,0.3448275862068966,,0.25,0.0,1.0,0.0
laplace|absolute1,M6_blend,0.02082251201984144,0.017370566433780245,0.31347962382445144,0.34796238244514105,,0.25,0.0,1.0,0.25
laplace|absolute1,M6_blend,0.022994353701116556,0.021361799998249754,0.32601880877742945,0.3542319749216301,,0.25,0.0,1.0,0.5
laplace|absolute1,M6_blend,0.02453827727713319,0.02565204890497426,0.32601880877742945,0.3573667711598746,,0.25,0.0,1.0,0.75
laplace|absolute1,M6_blend,0.025116990941973373,0.019070169570210585,0.329153605015674,0.38557993730407525,,0.25,0.0,1.0,1.0
laplace|absolute1,M6_blend,-0.017387946944573473,-0.034009102124685775,0.15673981191222572,0.19435736677115986,,0.25,0.25,0.0,0.0
laplace|absolute1,M6_blend,0.033280773750232674,0.031081636696119668,0.22570532915360503,0.18495297805642633,,0.25,0.25,0.0,0.25
laplace|absolute1,M6_blend,0.03999029096546912,0.03727562439432339,0.2664576802507837,0.22884012539184953,,0.25,0.25,0.0,0.5
laplace|absolute1,M6_blend,0.03903201308975459,0.03670547737923909,0.30407523510971785,0.25705329153605017,,0.25,0.25,0.0,0.75
laplace|absolute1,M6_blend,0.03713709304368034,0.0333558853633912,0.3072100313479624,0.30407523510971785,,0.25,0.25,0.0,1.0
laplace|absolute1,M6_blend,0.014306943044480115,0.024118087847124447,0.21630094043887146,0.1974921630094044,,0.25,0.25,0.25,0.0
laplace|absolute1,M6_blend,0.037045215725090466,0.03531265234265208,0.26959247648902823,0.22884012539184953,,0.25,0.25,0.25,0.25
laplace|absolute1,M6_blend,0.035205886463511624,0.034381746019595844,0.29780564263322884,0.27899686520376177,,0.25,0.25,0.25,0.5
laplace|absolute1,M6_blend,0.036963114247377325,0.032877918122610705,0.3072100313479624,0.31347962382445144,,0.25,0.25,0.25,0.75
laplace|absolute1,M6_blend,0.03497022459923092,0.030802164974164065,0.30407523510971785,0.3385579937304075,,0.25,0.25,0.25,1.0
laplace|absolute1,M6_blend,0.024491171180461544,0.027032565722551465,0.26959247648902823,0.2413793103448276,,0.25,0.25,0.5,0.0
laplace|absolute1,M6_blend,0.030654700222353032,0.03038541200719657,0.31347962382445144,0.2664576802507837,,0.25,0.25,0.5,0.25
laplace|absolute1,M6_blend,0.034052986778681654,0.0311101915951246,0.322884012539185,0.3072100313479624,,0.25,0.25,0.5,0.5
laplace|absolute1,M6_blend,0.03259955324494579,0.032433925038875086,0.3166144200626959,0.3322884012539185,,0.25,0.25,0.5,0.75
laplace|absolute1,M6_blend,0.03122341429155982,0.02600789139029748,0.31347962382445144,0.3573667711598746,,0.25,0.25,0.5,1.0
laplace|absolute1,M6_blend,0.02476208734671863,0.02371441256430082,0.30407523510971785,0.30407523510971785,,0.25,0.25,0.75,0.0
laplace|absolute1,M6_blend,0.029424455190811452,0.026159234029652558,0.322884012539185,0.31974921630094044,,0.25,0.25,0.75,0.25
laplace|absolute1,M6_blend,0.029899781671668783,0.028057879847138652,0.32601880877742945,0.3322884012539185,,0.25,0.25,0.75,0.5
laplace|absolute1,M6_blend,0.02813167234029884,0.022845647516762574,0.31347962382445144,0.3573667711598746,,0.25,0.25,0.75,0.75
laplace|absolute1,M6_blend,0.028769001581097246,0.01861913865402948,0.31347962382445144,0.3824451410658307,,0.25,0.25,0.75,1.0
laplace|absolute1,M6_blend,0.02004386025962498,0.01916381418938547,0.31347962382445144,0.34169278996865204,,0.25,0.25,1.0,0.0
laplace|absolute1,M6_blend,0.02363231821846989,0.021468498455039387,0.322884012539185,0.3510971786833856,,0.25,0.25,1.0,0.25
laplace|absolute1,M6_blend,0.024909547116429225,0.02362164309639542,0.322884012539185,0.3510971786833856,,0.25,0.25,1.0,0.5
laplace|absolute1,M6_blend,0.02608045382777352,0.02008958400276761,0.32601880877742945,0.36990595611285265,,0.25,0.25,1.0,0.75
laplace|absolute1,M6_blend,0.02474010036940048,0.01061973177760746,0.31974921630094044,0.4106583072100313,,0.25,0.25,1.0,1.0
laplace|absolute1,M6_blend,-0.00898528543718855,-0.022081037942425212,0.20376175548589343,0.23197492163009403,,0.25,0.5,0.0,0.0
laplace|absolute1,M6_blend,0.0010870128471175196,-0.016587501958152718,0.23510971786833856,0.26332288401253917,,0.25,0.5,0.0,0.25
laplace|absolute1,M6_blend,0.03547451370194181,0.0250045234763697,0.26959247648902823,0.2946708463949843,,0.25,0.5,0.0,0.5
laplace|absolute1,M6_blend,0.03573877995744653,0.031721716168625604,0.29153605015673983,0.322884012539185,,0.25,0.5,0.0,0.75
laplace|absolute1,M6_blend,0.03542398607065574,0.025584888927708598,0.2946708463949843,0.34796238244514105,,0.25,0.5,0.0,1.0
laplace|absolute1,M6_blend,-0.001484598884102305,-0.01749225823810108,0.22570532915360503,0.27586206896551724,,0.25,0.5,0.25,0.0
laplace|absolute1,M6_blend,0.028020625250628282,0.026527553598241747,0.27586206896551724,0.2946708463949843,,0.25,0.5,0.25,0.25
laplace|absolute1,M6_blend,0.03267758658685104,0.027886785391636405,0.29153605015673983,0.3322884012539185,,0.25,0.5,0.25,0.5
laplace|absolute1,M6_blend,0.034838790756836956,0.02864044123448922,0.30407523510971785,0.34796238244514105,,0.25,0.5,0.25,0.75
laplace|absolute1,M6_blend,0.03129401536534301,0.023830353781627636,0.30407523510971785,0.36990595611285265,,0.25,0.5,0.25,1.0
laplace|absolute1,M6_blend,0.019414050236995627,0.015180761012070604,0.27586206896551724,0.3166144200626959,,0.25,0.5,0.5,0.0
laplace|absolute1,M6_blend,0.027606527598687196,0.025284910802276905,0.28213166144200624,0.3542319749216301,,0.25,0.5,0.5,0.25
laplace|absolute1,M6_blend,0.03348374575485766,0.026588865967473268,0.30094043887147337,0.36990595611285265,,0.25,0.5,0.5,0.5
laplace|absolute1,M6_blend,0.030879674186338173,0.02460645229138177,0.29780564263322884,0.3824451410658307,,0.25,0.5,0.5,0.75
laplace|absolute1,M6_blend,0.028319572227697286,0.019833101572754988,0.29780564263322884,0.41379310344827586,,0.25,0.5,0.5,1.0
laplace|absolute1,M6_blend,0.023674782200086363,0.017400334002362523,0.29780564263322884,0.3510971786833856,,0.25,0.5,0.75,0.0
laplace|absolute1,M6_blend,0.026223681031265943,0.019026813730831055,0.3103448275862069,0.3667711598746082,,0.25,0.5,0.75,0.25
laplace|absolute1,M6_blend,0.029108636289122164,0.019209348692976195,0.3103448275862069,0.36990595611285265,,0.25,0.5,0.75,0.5
laplace|absolute1,M6_blend,0.027308477733733984,0.015292313090032171,0.30407523510971785,0.4012539184952978,,0.25,0.5,0.75,0.75
laplace|absolute1,M6_blend,0.026625181788022804,0.019118527271624268,0.3103448275862069,0.40752351097178685,,0.25,0.5,0.75,1.0
laplace|absolute1,M6_blend,0.021691320387642314,0.018784427075270203,0.3103448275862069,0.36990595611285265,,0.25,0.5,1.0,0.0
laplace|absolute1,M6_blend,0.022501512237555074,0.019333000805777815,0.31974921630094044,0.36990595611285265,,0.25,0.5,1.0,0.25
laplace|absolute1,M6_blend,0.02332752325692997,0.012332057049001645,0.3166144200626959,0.3981191222570533,,0.25,0.5,1.0,0.5
laplace|absolute1,M6_blend,0.02371858115093719,0.011940033796906098,0.3166144200626959,0.4043887147335423,,0.25,0.5,1.0,0.75
laplace|absolute1,M6_blend,0.02190355054083745,0.010725308104555435,0.31347962382445144,0.43260188087774293,,0.25,0.5,1.0,1.0
laplace|absolute1,M6_blend,-0.00748525174644379,-0.022385065633581724,0.21316614420062696,0.27899686520376177,,0.25,0.75,0.0,0.0
laplace|absolute1,M6_blend,0.0006306341516197678,-0.014336914606509163,0.2507836990595611,0.31347962382445144,,0.25,0.75,0.0,0.25
laplace|absolute1,M6_blend,0.008918482046531924,0.0037105355446802038,0.26959247648902823,0.3385579937304075,,0.25,0.75,0.0,0.5
laplace|absolute1,M6_blend,0.028403419585461498,0.01632947366112452,0.2852664576802508,0.3510971786833856,,0.25,0.75,0.0,0.75
laplace|absolute1,M6_blend,0.03198502452912526,0.024241003368435234,0.28213166144200624,0.3793103448275862,,0.25,0.75,0.0,1.0
laplace|absolute1,M6_blend,-0.007260061575869917,-0.023081914559707373,0.23510971786833856,0.3322884012539185,,0.25,0.75,0.25,0.0
laplace|absolute1,M6_blend,0.0016797454791686631,-0.020452432836578185,0.25391849529780564,0.3730407523510972,,0.25,0.75,0.25,0.25
laplace|absolute1,M6_blend,0.028324585008871972,0.014923978410077319,0.28213166144200624,0.3667711598746082,,0.25,0.75,0.25,0.5
laplace|absolute1,M6_blend,0.028857934990619862,0.02170620114779024,0.29153605015673983,0.3824451410658307,,0.25,0.75,0.25,0.75
laplace|absolute1,M6_blend,0.029952156142934155,0.020745449246937952,0.2884012539184953,0.41379310344827586,,0.25,0.75,0.25,1.0
laplace|absolute1,M6_blend,-0.00047265966544840016,-0.0205258834161168,0.2476489028213166,0.3824451410658307,,0.25,0.75,0.5,0.0
laplace|absolute1,M6_blend,0.019558589862805953,0.016465549523647302,0.28213166144200624,0.3730407523510972,,0.25,0.75,0.5,0.25
laplace|absolute1,M6_blend,0.026516694397080036,0.02083213002564018,0.29153605015673983,0.3887147335423197,,0.25,0.75,0.5,0.5
laplace|absolute1,M6_blend,0.02520720876200689,0.01722978785353768,0.29153605015673983,0.41379310344827586,,0.25,0.75,0.5,0.75
laplace|absolute1,M6_blend,0.025751501016036644,0.014101083107222584,0.2852664576802508,0.438871473354232,,0.25,0.75,0.5,1.0
laplace|absolute1,M6_blend,0.01663557198619924,0.0070787268956439995,0.2727272727272727,0.39184952978056425,,0.25,0.75,0.75,0.0
laplace|absolute1,M6_blend,0.0223297832368243,0.014746439237392809,0.2852664576802508,0.4012539184952978,,0.25,0.75,0.75,0.25
laplace|absolute1,M6_blend,0.02191359801366416,0.011379236606501487,0.28213166144200624,0.4231974921630094,,0.25,0.75,0.75,0.5
laplace|absolute1,M6_blend,0.024636115000534437,0.012783518393865573,0.2727272727272727,0.43573667711598746,,0.25,0.75,0.75,0.75
laplace|absolute1,M6_blend,0.02556597802507986,0.011000040217907077,0.27899686520376177,0.45454545454545453,,0.25,0.75,0.75,1.0
laplace|absolute1,M6_blend,0.014574930831314763,0.012388508463260896,0.30407523510971785,0.3981191222570533,,0.25,0.75,1.0,0.0
laplace|absolute1,M6_blend,0.017653577780703207,0.006771357397207272,0.29780564263322884,0.43260188087774293,,0.25,0.75,1.0,0.25
laplace|absolute1,M6_blend,0.019311641714194097,0.0035761895598288985,0.2884012539184953,0.445141065830721,,0.25,0.75,1.0,0.5
laplace|absolute1,M6_blend,0.02162105639747308,0.00842512633686529,0.2946708463949843,0.45141065830721006,,0.25,0.75,1.0,0.75
laplace|absolute1,M6_blend,0.022502809054385828,0.010708071816957857,0.3103448275862069,0.45454545454545453,,0.25,0.75,1.0,1.0
laplace|absolute1,M6_blend,-0.00998499064551399,-0.01986620123249984,0.23824451410658307,0.32601880877742945,,0.25,1.0,0.0,0.0
laplace|absolute1,M6_blend,-0.008072654769707106,-0.019691726268739163,0.2476489028213166,0.3542319749216301,,0.25,1.0,0.0,0.25
laplace|absolute1,M6_blend,0.00020476568973960528,-0.023928158697570007,0.2507836990595611,0.38557993730407525,,0.25,1.0,0.0,0.5
laplace|absolute1,M6_blend,0.023324286314851873,0.007204497600891,0.2727272727272727,0.3824451410658307,,0.25,1.0,0.0,0.75
laplace|absolute1,M6_blend,0.025081391902407102,0.002558537796840399,0.27899686520376177,0.4106583072100313,,0.25,1.0,0.0,1.0
laplace|absolute1,M6_blend,-0.012232172916269943,-0.02289538761618369,0.2476489028213166,0.3667711598746082,,0.25,1.0,0.25,0.0
laplace|absolute1,M6_blend,-0.0017564962525238922,-0.02176671076951356,0.25391849529780564,0.38557993730407525,,0.25,1.0,0.25,0.25
laplace|absolute1,M6_blend,0.0153672486574947,-0.0006819438060809826,0.27899686520376177,0.4012539184952978,,0.25,1.0,0.25,0.5
laplace|absolute1,M6_blend,0.023818540189294295,0.005464580914350139,0.2884012539184953,0.41379310344827586,,0.25,1.0,0.25,0.75
laplace|absolute1,M6_blend,0.02597321814285689,0.01442403179304353,0.2852664576802508,0.4263322884012539,,0.25,1.0,0.25,1.0
laplace|absolute1,M6_blend,-0.0043191180094028555,-0.02714427381894058,0.25391849529780564,0.4106583072100313,,0.25,1.0,0.5,0.0
laplace|absolute1,M6_blend,0.005355261707230809,0.0053004585673629675,0.27586206896551724,0.3949843260188088,,0.25,1.0,0.5,0.25
laplace|absolute1,M6_blend,0.019829158511825314,0.011139361240366782,0.2946708463949843,0.4106583072100313,,0.25,1.0,0.5,0.5
laplace|absolute1,M6_blend,0.023115395209518663,0.015632508001450836,0.29153605015673983,0.4200626959247649,,0.25,1.0,0.5,0.75
laplace|absolute1,M6_blend,0.022337288580620597,0.009040282029062976,0.2852664576802508,0.445141065830721,,0.25,1.0,0.5,1.0
laplace|absolute1,M6_blend,-0.0012135848377519424,-0.02090108954000249,0.2664576802507837,0.4106583072100313,,0.25,1.0,0.75,0.0
laplace|absolute1,M6_blend,0.014447223484210653,-0.0005592922315141624,0.28213166144200624,0.42946708463949845,,0.25,1.0,0.75,0.25
laplace|absolute1,M6_blend,0.019498835879978395,0.010433944870592285,0.2946708463949843,0.4231974921630094,,0.25,1.0,0.75,0.5
laplace|absolute1,M6_blend,0.02223700917578368,0.006951201964041282,0.2852664576802508,0.44200626959247646,,0.25,1.0,0.75,0.75
laplace|absolute1,M6_blend,0.02202714999590349,0.006610472596084062,0.29780564263322884,0.4482758620689655,,0.25,1.0,0.75,1.0
laplace|absolute1,M6_blend,0.009521523185057357,-0.003003986710011025,0.2852664576802508,0.445141065830721,,0.25,1.0,1.0,0.0
laplace|absolute1,M6_blend,0.01471764610015314,0.006139267247672365,0.29153605015673983,0.44200626959247646,,0.25,1.0,1.0,0.25
laplace|absolute1,M6_blend,0.01582652120373651,0.0032495158289480358,0.28213166144200624,0.4608150470219436,,0.25,1.0,1.0,0.5
laplace|absolute1,M6_blend,0.018053140826438444,0.005320138213309375,0.2946708463949843,0.4608150470219436,,0.25,1.0,1.0,0.75
laplace|absolute1,M6_blend,0.019328954759009337,0.006695506095792806,0.2946708463949843,0.46394984326018807,,0.25,1.0,1.0,1.0
laplace|absolute1,M6_blend,-0.03146979306953915,-0.039474244798799296,0.09717868338557993,0.1724137931034483,,0.5,0.0,0.0,0.0
laplace|absolute1,M6_blend,0.019430768589122148,0.027067464008506938,0.2225705329153605,0.1724137931034483,,0.5,0.0,0.0,0.25
laplace|absolute1,M6_blend,0.03040649569625192,0.03160519709921556,0.25391849529780564,0.21630094043887146,,0.5,0.0,0.0,0.5
laplace|absolute1,M6_blend,0.03529493834034186,0.03999979984377245,0.30407523510971785,0.2601880877742947,,0.5,0.0,0.0,0.75
laplace|absolute1,M6_blend,0.035760941658516954,0.03581410776064688,0.3166144200626959,0.2946708463949843,,0.5,0.0,0.0,1.0
laplace|absolute1,M6_blend,0.00026833986018090625,0.0002169170910288174,0.18495297805642633,0.20689655172413793,,0.5,0.0,0.25,0.0
laplace|absolute1,M6_blend,0.025460434088680747,0.03178764852844062,0.25391849529780564,0.21630094043887146,,0.5,0.0,0.25,0.25
laplace|absolute1,M6_blend,0.032541425766875215,0.034319474814360415,0.30407523510971785,0.2601880877742947,,0.5,0.0,0.25,0.5
laplace|absolute1,M6_blend,0.03341513701554405,0.03693498952495267,0.32601880877742945,0.29780564263322884,,0.5,0.0,0.25,0.75
laplace|absolute1,M6_blend,0.03195309089915721,0.03270911783867495,0.322884012539185,0.322884012539185,,0.5,0.0,0.25,1.0
laplace|absolute1,M6_blend,0.0070207092085225265,0.0034841506925869883,0.2476489028213166,0.26959247648902823,,0.5,0.0,0.5,0.0
laplace|absolute1,M6_blend,0.026219279855088776,0.026271160294923664,0.2946708463949843,0.27899686520376177,,0.5,0.0,0.5,0.25
laplace|absolute1,M6_blend,0.03016130755160106,0.03133575902043091,0.32601880877742945,0.30407523510971785,,0.5,0.0,0.5,0.5
laplace|absolute1,M6_blend,0.02888853374443278,0.03188399441516885,0.335423197492163,0.32601880877742945,,0.5,0.0,0.5,0.75
laplace|absolute1,M6_blend,0.028098340288116457,0.026586695793186982,0.3322884012539185,0.34796238244514105,,0.5,0.0,0.5,1.0
laplace|absolute1,M6_blend,0.005842730364760125,0.003777340790227663,0.2852664576802508,0.3322884012539185,,0.5,0.0,0.75,0.0
laplace|absolute1,M6_blend,0.024050273276984283,0.022673677980058992,0.3103448275862069,0.335423197492163,,0.5,0.0,0.75,0.25
laplace|absolute1,M6_blend,0.025843500441835518,0.02676550148282679,0.335423197492163,0.329153605015674,,0.5,0.0,0.75,0.5
laplace|absolute1,M6_blend,0.025383261106653746,0.029348301908532652,0.34169278996865204,0.34169278996865204,,0.5,0.0,0.75,0.75
laplace|absolute1,M6_blend,0.026136507676884635,0.022996868938207626,0.3385579937304075,0.36990595611285265,,0.5,0.0,0.75,1.0
laplace|absolute1,M6_blend,0.0021239030546167173,-0.0035040712678880903,0.29153605015673983,0.38557993730407525,,0.5,0.0,1.0,0.0
laplace|absolute1,M6_blend,0.018947145038184652,0.01559372420267999,0.3166144200626959,0.3730407523510972,,0.5,0.0,1.0,0.25
laplace|absolute1,M6_blend,0.020723743457559302,0.019131478389322196,0.3322884012539185,0.3667711598746082,,0.5,0.0,1.0,0.5
laplace|absolute1,M6_blend,0.021146760489749204,0.022220553427374102,0.3322884012539185,0.3761755485893417,,0.5,0.0,1.0,0.75
laplace|absolute1,M6_blend,0.02300091265596806,0.017693975000265625,0.329153605015674,0.3949843260188088,,0.5,0.0,1.0,1.0
laplace|absolute1,M6_blend,-0.019679535477335197,-0.037053696262331966,0.1755485893416928,0.23197492163009403,,0.5,0.25,0.0,0.0
laplace|absolute1,M6_blend,0.007967072498723695,0.006557381954219274,0.2413793103448276,0.22884012539184953,,0.5,0.25,0.0,0.25
laplace|absolute1,M6_blend,0.03631037103695316,0.035743839303060757,0.2727272727272727,0.25705329153605017,,0.5,0.25,0.0,0.5
laplace|absolute1,M6_blend,0.03817629826028146,0.032032906156628856,0.2946708463949843,0.29780564263322884,,0.5,0.25,0.0,0.75
laplace|absolute1,M6_blend,0.03641070179420615,0.031790683343772975,0.3072100313479624,0.335423197492163,,0.5,0.25,0.0,1.0
laplace|absolute1,M6_blend,-0.007631245886234477,-0.0019385069491908095,0.2225705329153605,0.23824451410658307,,0.5,0.25,0.25,0.0
laplace|absolute1,M6_blend,0.03230950204896314,0.0314862040166384,0.27586206896551724,0.2664576802507837,,0.5,0.25,0.25,0.25
laplace|absolute1,M6_blend,0.03433782262764744,0.03064819590004634,0.29780564263322884,0.3103448275862069,,0.5,0.25,0.25,0.5
laplace|absolute1,M6_blend,0.0341100622313776,0.030259979170598205,0.3072100313479624,0.3448275862068966,,0.5,0.25,0.25,0.75
laplace|absolute1,M6_blend,0.03313709298177391,0.0295032345832889,0.3103448275862069,0.3605015673981191,,0.5,0.25,0.25,1.0
laplace|absolute1,M6_blend,0.018431823055476273,0.022657684176039174,0.27586206896551724,0.29153605015673983,,0.5,0.25,0.5,0.0
laplace|absolute1,M6_blend,0.028499416760614477,0.027926553741424436,0.2946708463949843,0.3166144200626959,,0.5,0.25,0.5,0.25
laplace|absolute1,M6_blend,0.03177112640451284,0.02632006796129445,0.3166144200626959,0.34169278996865204,,0.5,0.25,0.5,0.5
laplace|absolute1,M6_blend,0.029448930173847136,0.029634452386989862,0.31347962382445144,0.3667711598746082,,0.5,0.25,0.5,0.75
laplace|absolute1,M6_blend,0.028615984233819662,0.025188781939984115,0.31974921630094044,0.3887147335423197,,0.5,0.25,0.5,1.0
laplace|absolute1,M6_blend,0.02267589984813828,0.01949905894906917,0.29780564263322884,0.32601880877742945,,0.5,0.25,0.75,0.0
laplace|absolute1,M6_blend,0.026797526115063655,0.025031117728231096,0.329153605015674,0.329153605015674,,0.5,0.25,0.75,0.25
laplace|absolute1,M6_blend,0.025796166368694404,0.027122368831712998,0.3322884012539185,0.3448275862068966,,0.5,0.25,0.75,0.5
laplace|absolute1,M6_blend,0.027757334346821476,0.02255948374871176,0.3385579937304075,0.3667711598746082,,0.5,0.25,0.75,0.75
laplace|absolute1,M6_blend,0.027540453495394124,0.017099087059404407,0.322884012539185,0.3887147335423197,,0.5,0.25,0.75,1.0
laplace|absolute1,M6_blend,0.015098760634287342,0.01538068666867328,0.3103448275862069,0.3542319749216301,,0.5,0.25,1.0,0.0
laplace|absolute1,M6_blend,0.018506542862242337,0.019220066026180142,0.32601880877742945,0.3573667711598746,,0.5,0.25,1.0,0.25
laplace|absolute1,M6_blend,0.0215703248341222,0.02021073006957676,0.3322884012539185,0.36990595611285265,,0.5,0.25,1.0,0.5
laplace|absolute1,M6_blend,0.023598270499251426,0.016232874384587835,0.329153605015674,0.38557993730407525,,0.5,0.25,1.0,0.75
laplace|absolute1,M6_blend,0.023608364712166895,0.011427759995748257,0.32601880877742945,0.40752351097178685,,0.5,0.25,1.0,1.0
laplace|absolute1,M6_blend,-0.012297854353599504,-0.021678961918552092,0.22570532915360503,0.2601880877742947,,0.5,0.5,0.0,0.0
laplace|absolute1,M6_blend,-0.001557854112398923,-0.015118104922453812,0.2507836990595611,0.29153605015673983,,0.5,0.5,0.0,0.25
laplace|absolute1,M6_blend,0.029029137334003537,0.024417422676815136,0.27586206896551724,0.3103448275862069,,0.5,0.5,0.0,0.5
laplace|absolute1,M6_blend,0.03614956970434797,0.02968344023468726,0.30094043887147337,0.3448275862068966,,0.5,0.5,0.0,0.75
laplace|absolute1,M6_blend,0.03424440427833918,0.024191489285529593,0.29780564263322884,0.36363636363636365,,0.5,0.5,0.0,1.0
laplace|absolute1,M6_blend,-0.004869708689810084,-0.022108616675235636,0.2445141065830721,0.3103448275862069,,0.5,0.5,0.25,0.0
laplace|absolute1,M6_blend,0.0166345467461604,0.02620467806357575,0.27899686520376177,0.3166144200626959,,0.5,0.5,0.25,0.25
laplace|absolute1,M6_blend,0.030262594189492727,0.02445216863459928,0.2946708463949843,0.3542319749216301,,0.5,0.5,0.25,0.5
laplace|absolute1,M6_blend,0.031014069201740817,0.026411110926477886,0.30407523510971785,0.3667711598746082,,0.5,0.5,0.25,0.75
laplace|absolute1,M6_blend,0.02822546148327962,0.0225644025099128,0.3072100313479624,0.3887147335423197,,0.5,0.5,0.25,1.0
laplace|absolute1,M6_blend,0.0008047778233100823,-0.011475603537032596,0.2727272727272727,0.34796238244514105,,0.5,0.5,0.5,0.0
laplace|absolute1,M6_blend,0.02234955998386865,0.02206474632538598,0.2852664576802508,0.36363636363636365,,0.5,0.5,0.5,0.25
laplace|absolute1,M6_blend,0.03027689413635319,0.024311367258849935,0.3072100313479624,0.3761755485893417,,0.5,0.5,0.5,0.5
laplace|absolute1,M6_blend,0.027197086551133332,0.024356452473745824,0.3103448275862069,0.38557993730407525,,0.5,0.5,0.5,0.75
laplace|absolute1,M6_blend,0.02669878210633747,0.02064463861730405,0.30094043887147337,0.4169278996865204,,0.5,0.5,0.5,1.0
laplace|absolute1,M6_blend,0.01857722750472452,0.014902581183420827,0.29153605015673983,0.3730407523510972,,0.5,0.5,0.75,0.0
laplace|absolute1,M6_blend,0.02028632374874959,0.015784532380608556,0.3103448275862069,0.3824451410658307,,0.5,0.5,0.75,0.25
laplace|absolute1,M6_blend,0.02651857539315566,0.018635429733879515,0.3103448275862069,0.3887147335423197,,0.5,0.5,0.75,0.5
laplace|absolute1,M6_blend,0.025888937366341402,0.01380485271725535,0.30094043887147337,0.41379310344827586,,0.5,0.5,0.75,0.75
laplace|absolute1,M6_blend,0.02553445936216716,0.01615300908871579,0.29780564263322884,0.42946708463949845,,0.5,0.5,0.75,1.0
laplace|absolute1,M6_blend,0.015714024726072313,0.018898284605771396,0.31347962382445144,0.36990595611285265,,0.5,0.5,1.0,0.0
laplace|absolute1,M6_blend,0.017444062074285706,0.01627864126921821,0.32601880877742945,0.38557993730407525,,0.5,0.5,1.0,0.25
laplace|absolute1,M6_blend,0.021557588125992743,0.011775182110482249,0.31974921630094044,0.40752351097178685,,0.5,0.5,1.0,0.5
laplace|absolute1,M6_blend,0.022289278214810106,0.010014225988645912,0.31347962382445144,0.41379310344827586,,0.5,0.5,1.0,0.75
laplace|absolute1,M6_blend,0.020409866475875664,0.012244953327231273,0.31974921630094044,0.4231974921630094,,0.5,0.5,1.0,1.0
laplace|absolute1,M6_blend,-0.009572775444707457,-0.019949533991212007,0.23197492163009403,0.29780564263322884,,0.5,0.75,0.0,0.0
laplace|absolute1,M6_blend,-0.0023228001816872857,-0.016385964383619334,0.2601880877742947,0.335423197492163,,0.5,0.75,0.0,0.25
laplace|absolute1,M6_blend,0.0012780776107365558,-0.021782995192888763,0.2601880877742947,0.3793103448275862,,0.5,0.75,0.0,0.5
laplace|absolute1,M6_blend,0.026404423592506075,0.012714454945071738,0.2884012539184953,0.3667711598746082,,0.5,0.75,0.0,0.75
laplace|absolute1,M6_blend,0.029275905459711926,0.01815328615072379,0.28213166144200624,0.41379310344827586,,0.5,0.75,0.0,1.0
laplace|absolute1,M6_blend,-0.00981653046848333,-0.023454873387622983,0.2507836990595611,0.3510971786833856,,0.5,0.75,0.25,0.0
laplace|absolute1,M6_blend,-0.003606842410992534,-0.021932766390351292,0.26332288401253917,0.38557993730407525,,0.5,0.75,0.25,0.25
laplace|absolute1,M6_blend,0.020202455375765732,0.01266898484579448,0.2884012539184953,0.3761755485893417,,0.5,0.75,0.25,0.5
laplace|absolute1,M6_blend,0.023901484261483277,0.019667633169777342,0.2946708463949843,0.3981191222570533,,0.5,0.75,0.25,0.75
laplace|absolute1,M6_blend,0.025779596408712413,0.01866623220912715,0.29153605015673983,0.4169278996865204,,0.5,0.75,0.25,1.0
laplace|absolute1,M6_blend,-0.001930280518824137,-0.020436701998348145,0.2727272727272727,0.3949843260188088,,0.5,0.75,0.5,0.0
laplace|absolute1,M6_blend,0.014793380288511158,0.011723899881013883,0.28213166144200624,0.3824451410658307,,0.5,0.75,0.5,0.25
laplace|absolute1,M6_blend,0.022608731128434503,0.01965299133082916,0.3072100313479624,0.39184952978056425,,0.5,0.75,0.5,0.5
laplace|absolute1,M6_blend,0.022394290206378967,0.015716890427853247,0.30094043887147337,0.41379310344827586,,0.5,0.75,0.5,0.75
laplace|absolute1,M6_blend,0.024209741120871608,0.011802855622151802,0.2946708463949843,0.445141065830721,,0.5,0.75,0.5,1.0
laplace|absolute1,M6_blend,0.0024456539846837927,0.003783747028314208,0.27899686520376177,0.4012539184952978,,0.5,0.75,0.75,0.0
laplace|absolute1,M6_blend,0.01547078610501827,0.0113881333120938,0.2946708463949843,0.4106583072100313,,0.5,0.75,0.75,0.25
laplace|absolute1,M6_blend,0.018638714744893998,0.01057408150974486,0.2852664576802508,0.42946708463949845,,0.5,0.75,0.75,0.5
laplace|absolute1,M6_blend,0.021833952155668534,0.01160217895169617,0.2884012539184953,0.438871473354232,,0.5,0.75,0.75,0.75
laplace|absolute1,M6_blend,0.023384677458359333,0.010617665771313222,0.2946708463949843,0.44200626959247646,,0.5,0.75,0.75,1.0
laplace|absolute1,M6_blend,0.00822261230837647,0.011420894647746998,0.3072100313479624,0.4106583072100313,,0.5,0.75,1.0,0.0
laplace|absolute1,M6_blend,0.01385108828290041,0.0039589871129832675,0.2884012539184953,0.445141065830721,,0.5,0.75,1.0,0.25
laplace|absolute1,M6_blend,0.01775045756140304,0.002160755024060934,0.2884012539184953,0.45454545454545453,,0.5,0.75,1.0,0.5
laplace|absolute1,M6_blend,0.019859410962408116,0.007118884252156584,0.29153605015673983,0.45454545454545453,,0.5,0.75,1.0,0.75
laplace|absolute1,M6_blend,0.02039047527914031,0.011792558476001865,0.3072100313479624,0.45141065830721006,,0.5,0.75,1.0,1.0
laplace|absolute1,M6_blend,-0.010274744862032914,-0.023389735787546374,0.23197492163009403,0.36990595611285265,,0.5,1.0,0.0,0.0
laplace|absolute1,M6_blend,-0.010059430308487258,-0.023752582566024368,0.2445141065830721,0.4012539184952978,,0.5,1.0,0.0,0.25
laplace|absolute1,M6_blend,-0.0024234270570897298,-0.0269308669323271,0.2413793103448276,0.4263322884012539,,0.5,1.0,0.0,0.5
laplace|absolute1,M6_blend,0.00884376310983117,-0.006570531084526295,0.26332288401253917,0.43573667711598746,,0.5,1.0,0.0,0.75
laplace|absolute1,M6_blend,0.022974929608964703,-0.0013806618002701703,0.26332288401253917,0.445141065830721,,0.5,1.0,0.0,1.0
laplace|absolute1,M6_blend,-0.014154275820128076,-0.027037879691508872,0.23824451410658307,0.4200626959247649,,0.5,1.0,0.25,0.0
laplace|absolute1,M6_blend,-0.004896134817240875,-0.024990380219064162,0.2476489028213166,0.4200626959247649,,0.5,1.0,0.25,0.25
laplace|absolute1,M6_blend,-0.004546413508112328,-0.029313702720179455,0.2601880877742947,0.45454545454545453,,0.5,1.0,0.25,0.5
laplace|absolute1,M6_blend,0.017293871501046987,0.0021560909489292336,0.26959247648902823,0.445141065830721,,0.5,1.0,0.25,0.75
laplace|absolute1,M6_blend,0.021235926191063688,0.010734395909365441,0.2727272727272727,0.45454545454545453,,0.5,1.0,0.25,1.0
laplace|absolute1,M6_blend,-0.006668051123748489,-0.030578189123667145,0.26332288401253917,0.438871473354232,,0.5,1.0,0.5,0.0
laplace|absolute1,M6_blend,-0.005589504915306552,-0.02160935663270726,0.26332288401253917,0.43573667711598746,,0.5,1.0,0.5,0.25
laplace|absolute1,M6_blend,0.01414892213193144,0.005420776708839829,0.2852664576802508,0.44200626959247646,,0.5,1.0,0.5,0.5
laplace|absolute1,M6_blend,0.01876937986615672,0.009799606806151918,0.2852664576802508,0.45141065830721006,,0.5,1.0,0.5,0.75
laplace|absolute1,M6_blend,0.021112160421727578,0.006234080965709537,0.2852664576802508,0.46394984326018807,,0.5,1.0,0.5,1.0
laplace|absolute1,M6_blend,-0.006617660568454271,-0.031348609882275516,0.25705329153605017,0.4608150470219436,,0.5,1.0,0.75,0.0
laplace|absolute1,M6_blend,0.011706424503669923,-0.0035555405559771487,0.26959247648902823,0.45768025078369906,,0.5,1.0,0.75,0.25
laplace|absolute1,M6_blend,0.014640366098501958,0.00801508157838101,0.28213166144200624,0.45454545454545453,,0.5,1.0,0.75,0.5
laplace|absolute1,M6_blend,0.01951652422869803,0.004222474980597212,0.2852664576802508,0.46394984326018807,,0.5,1.0,0.75,0.75
laplace|absolute1,M6_blend,0.019147149408087642,0.004913388596713356,0.2884012539184953,0.4670846394984326,,0.5,1.0,0.75,1.0
laplace|absolute1,M6_blend,-0.0006914216821381063,-0.007713817118383874,0.26959247648902823,0.4702194357366771,,0.5,1.0,1.0,0.0
laplace|absolute1,M6_blend,0.0061719133847463106,0.0004004534555826815,0.2727272727272727,0.47648902821316613,,0.5,1.0,1.0,0.25
laplace|absolute1,M6_blend,0.012205820288806136,0.0007012917727325403,0.27586206896551724,0.47962382445141066,,0.5,1.0,1.0,0.5
laplace|absolute1,M6_blend,0.01502663783457529,0.003948866164889829,0.2884012539184953,0.47648902821316613,,0.5,1.0,1.0,0.75
laplace|absolute1,M6_blend,0.016566228558540615,0.005587270839554389,0.2884012539184953,0.47962382445141066,,0.5,1.0,1.0,1.0
laplace|absolute1,M6_blend,-0.038664732272641264,-0.044650215970871966,0.12539184952978055,0.2413793103448276,,0.75,0.0,0.0,0.0
laplace|absolute1,M6_blend,0.00576925337535238,0.017993997548908274,0.21003134796238246,0.22570532915360503,,0.75,0.0,0.0,0.25
laplace|absolute1,M6_blend,0.025325399952896094,0.02988729209034794,0.2507836990595611,0.2727272727272727,,0.75,0.0,0.0,0.5
laplace|absolute1,M6_blend,0.03491607689402641,0.0343951437750767,0.29153605015673983,0.3103448275862069,,0.75,0.0,0.0,0.75
laplace|absolute1,M6_blend,0.034608184162671585,0.03327612061532313,0.30407523510971785,0.34169278996865204,,0.75,0.0,0.0,1.0
laplace|absolute1,M6_blend,-0.020849706681449483,-0.03029089290239968,0.1786833855799373,0.28213166144200624,,0.75,0.0,0.25,0.0
laplace|absolute1,M6_blend,0.020505596580225677,0.027989933261396743,0.25705329153605017,0.2852664576802508,,0.75,0.0,0.25,0.25
laplace|absolute1,M6_blend,0.029199998995505596,0.03077722865165588,0.30407523510971785,0.3166144200626959,,0.75,0.0,0.25,0.5
laplace|absolute1,M6_blend,0.030999800771610613,0.03274788110747606,0.31974921630094044,0.3385579937304075,,0.75,0.0,0.25,0.75
laplace|absolute1,M6_blend,0.029796973133888224,0.03040988644041985,0.31974921630094044,0.3605015673981191,,0.75,0.0,0.25,1.0
laplace|absolute1,M6_blend,3.0892050415616914e-05,-0.0012040004998352086,0.2413793103448276,0.3322884012539185,,0.75,0.0,0.5,0.0
laplace|absolute1,M6_blend,0.022443176580249313,0.021204631728905497,0.29153605015673983,0.3103448275862069,,0.75,0.0,0.5,0.25
laplace|absolute1,M6_blend,0.027164580567754754,0.030038022450799104,0.32601880877742945,0.3322884012539185,,0.75,0.0,0.5,0.5
laplace|absolute1,M6_blend,0.025969096741603012,0.031501560177081805,0.335423197492163,0.34796238244514105,,0.75,0.0,0.5,0.75
laplace|absolute1,M6_blend,0.027162023049891675,0.022642032000992365,0.322884012539185,0.38557993730407525,,0.75,0.0,0.5,1.0
laplace|absolute1,M6_blend,0.0035894836016966704,0.0014863098653319488,0.2727272727272727,0.3730407523510972,,0.75,0.0,0.75,0.0
laplace|absolute1,M6_blend,0.018398936854883315,0.017024889856950616,0.30094043887147337,0.36990595611285265,,0.75,0.0,0.75,0.25
laplace|absolute1,M6_blend,0.021276397176579084,0.025043660348579053,0.32601880877742945,0.36363636363636365,,0.75,0.0,0.75,0.5
laplace|absolute1,M6_blend,0.022620142261436153,0.022767284225240398,0.3166144200626959,0.3887147335423197,,0.75,0.0,0.75,0.75
laplace|absolute1,M6_blend,0.02407984277721418,0.02193561127426856,0.31974921630094044,0.3981191222570533,,0.75,0.0,0.75,1.0
laplace|absolute1,M6_blend,0.0004926786454636307,-0.005211156048464551,0.2852664576802508,0.4106583072100313,,0.75,0.0,1.0,0.0
laplace|absolute1,M6_blend,0.014829468618492873,0.013666477031001477,0.3072100313479624,0.3949843260188088,,0.75,0.0,1.0,0.25
laplace|absolute1,M6_blend,0.018475859008033616,0.014502641280710136,0.31347962382445144,0.4043887147335423,,0.75,0.0,1.0,0.5
laplace|absolute1,M6_blend,0.01851252452862833,0.01775625325902876,0.3166144200626959,0.40752351097178685,,0.75,0.0,1.0,0.75
laplace|absolute1,M6_blend,0.020796396381355362,0.012784308739310147,0.3166144200626959,0.4263322884012539,,0.75,0.0,1.0,1.0
laplace|absolute1,M6_blend,-0.02538640341447806,-0.04051908578571855,0.1724137931034483,0.27899686520376177,,0.75,0.25,0.0,0.0
laplace|absolute1,M6_blend,-0.003305155160181343,-0.004174137038403544,0.23824451410658307,0.27899686520376177,,0.75,0.25,0.0,0.25
laplace|absolute1,M6_blend,0.032274359120119674,0.031916947398906964,0.2727272727272727,0.3072100313479624,,0.75,0.25,0.0,0.5
laplace|absolute1,M6_blend,0.035600563226976266,0.029527174186276792,0.2946708463949843,0.3385579937304075,,0.75,0.25,0.0,0.75
laplace|absolute1,M6_blend,0.0333813037596015,0.030721760293626485,0.3072100313479624,0.3573667711598746,,0.75,0.25,0.0,1.0
laplace|absolute1,M6_blend,-0.015820676520263144,-0.01019830344285711,0.23510971786833856,0.2946708463949843,,0.75,0.25,0.25,0.0
laplace|absolute1,M6_blend,0.023198077960071367,0.027151156333640077,0.28213166144200624,0.31347962382445144,,0.75,0.25,0.25,0.25
laplace|absolute1,M6_blend,0.02880431242405961,0.027557726038567324,0.30407523510971785,0.3385579937304075,,0.75,0.25,0.25,0.5
laplace|absolute1,M6_blend,0.029828908800196268,0.029167492363053056,0.3103448275862069,0.36363636363636365,,0.75,0.25,0.25,0.75
laplace|absolute1,M6_blend,0.02947380509999727,0.027992096849276355,0.3166144200626959,0.3824451410658307,,0.75,0.25,0.25,1.0
laplace|absolute1,M6_blend,0.0023680313114832095,0.010702021688596582,0.2601880877742947,0.34796238244514105,,0.75,0.25,0.5,0.0
laplace|absolute1,M6_blend,0.026497336626392292,0.02387503780961784,0.2946708463949843,0.335423197492163,,0.75,0.25,0.5,0.25
laplace|absolute1,M6_blend,0.02581752087403267,0.02591330669002847,0.31347962382445144,0.3667711598746082,,0.75,0.25,0.5,0.5
laplace|absolute1,M6_blend,0.027568507871690264,0.026547597224902957,0.3166144200626959,0.38557993730407525,,0.75,0.25,0.5,0.75
laplace|absolute1,M6_blend,0.02771943828816566,0.024002855532688782,0.3166144200626959,0.3981191222570533,,0.75,0.25,0.5,1.0
laplace|absolute1,M6_blend,0.012590126187491796,0.01628650107120272,0.29780564263322884,0.3510971786833856,,0.75,0.25,0.75,0.0
laplace|absolute1,M6_blend,0.02003668612696587,0.018495520652741848,0.31347962382445144,0.36363636363636365,,0.75,0.25,0.75,0.25
laplace|absolute1,M6_blend,0.021849922267274596,0.023245820769789077,0.3322884012539185,0.36990595611285265,,0.75,0.25,0.75,0.5
laplace|absolute1,M6_blend,0.024361752338520757,0.021209977975926803,0.329153605015674,0.38557993730407525,,0.75,0.25,0.75,0.75
laplace|absolute1,M6_blend,0.024688962125696733,0.015253333567545331,0.31974921630094044,0.40752351097178685,,0.75,0.25,0.75,1.0
laplace|absolute1,M6_blend,0.010826171225187175,0.013274238716378855,0.31347962382445144,0.3761755485893417,,0.75,0.25,1.0,0.0
laplace|absolute1,M6_blend,0.014858695116225028,0.016541660123951384,0.3322884012539185,0.38557993730407525,,0.75,0.25,1.0,0.25
laplace|absolute1,M6_blend,0.01784718801227137,0.01682152691352704,0.322884012539185,0.3949843260188088,,0.75,0.25,1.0,0.5
laplace|absolute1,M6_blend,0.020327370690186093,0.014918548898730533,0.322884012539185,0.4106583072100313,,0.75,0.25,1.0,0.75
laplace|absolute1,M6_blend,0.022547632387938967,0.01206431975792568,0.3166144200626959,0.43260188087774293,,0.75,0.25,1.0,1.0
laplace|absolute1,M6_blend,-0.01693391927214581,-0.02400132204438078,0.21630094043887146,0.3103448275862069,,0.75,0.5,0.0,0.0
laplace|absolute1,M6_blend,-0.003123216487993412,-0.018550612137515715,0.2476489028213166,0.3385579937304075,,0.75,0.5,0.0,0.25
laplace|absolute1,M6_blend,0.009382170338633393,-0.0006427642390085238,0.2664576802507837,0.3573667711598746,,0.75,0.5,0.0,0.5
laplace|absolute1,M6_blend,0.033047613774793295,0.029373415550187836,0.2946708463949843,0.36363636363636365,,0.75,0.5,0.0,0.75
laplace|absolute1,M6_blend,0.032493618539702104,0.024181868834275064,0.29780564263322884,0.3887147335423197,,0.75,0.5,0.0,1.0
laplace|absolute1,M6_blend,-0.01252470115848853,-0.027241340029669405,0.2507836990595611,0.3510971786833856,,0.75,0.5,0.25,0.0
laplace|absolute1,M6_blend,-4.4375505289890225e-05,-0.0022998779521653644,0.27899686520376177,0.3573667711598746,,0.75,0.5,0.25,0.25
laplace|absolute1,M6_blend,0.025230290338498856,0.02455544573339549,0.30407523510971785,0.36363636363636365,,0.75,0.5,0.25,0.5
laplace|absolute1,M6_blend,0.027376587848456955,0.02571704080999832,0.31347962382445144,0.3824451410658307,,0.75,0.5,0.25,0.75
laplace|absolute1,M6_blend,0.027518683225595326,0.021620867102404,0.3103448275862069,0.4043887147335423,,0.75,0.5,0.25,1.0
laplace|absolute1,M6_blend,-0.0061473154329221725,-0.015333559574284897,0.26959247648902823,0.36990595611285265,,0.75,0.5,0.5,0.0
laplace|absolute1,M6_blend,0.01603304391094655,0.01813700464685509,0.29153605015673983,0.3793103448275862,,0.75,0.5,0.5,0.25
laplace|absolute1,M6_blend,0.026138057826184467,0.021027695621162374,0.3072100313479624,0.39184952978056425,,0.75,0.5,0.5,0.5
laplace|absolute1,M6_blend,0.025246988294607958,0.020885629304991247,0.30407523510971785,0.4012539184952978,,0.75,0.5,0.5,0.75
laplace|absolute1,M6_blend,0.024360617957924383,0.01809319826923194,0.30094043887147337,0.43260188087774293,,0.75,0.5,0.5,1.0
laplace|absolute1,M6_blend,0.010596231780182527,0.015981065337093647,0.2884012539184953,0.39184952978056425,,0.75,0.5,0.75,0.0
laplace|absolute1,M6_blend,0.013118681559394324,0.012331986583792677,0.30094043887147337,0.4012539184952978,,0.75,0.5,0.75,0.25
laplace|absolute1,M6_blend,0.02268681670104181,0.017092593726599853,0.30407523510971785,0.4012539184952978,,0.75,0.5,0.75,0.5
laplace|absolute1,M6_blend,0.024255266663425333,0.010132280870291133,0.29153605015673983,0.438871473354232,,0.75,0.5,0.75,0.75
laplace|absolute1,M6_blend,0.023102999149327397,0.013674922812975313,0.2852664576802508,0.45454545454545453,,0.75,0.5,0.75,1.0
laplace|absolute1,M6_blend,0.008212366143500344,0.015529290227026775,0.322884012539185,0.3887147335423197,,0.75,0.5,1.0,0.0
laplace|absolute1,M6_blend,0.013721635238456292,0.018218558001387455,0.322884012539185,0.3981191222570533,,0.75,0.5,1.0,0.25
laplace|absolute1,M6_blend,0.017223240455489494,0.011754735661991712,0.3103448275862069,0.4231974921630094,,0.75,0.5,1.0,0.5
laplace|absolute1,M6_blend,0.01975033185306877,0.012064743109724739,0.3103448275862069,0.4263322884012539,,0.75,0.5,1.0,0.75
laplace|absolute1,M6_blend,0.020050840346240238,0.012452458338023727,0.31347962382445144,0.445141065830721,,0.75,0.5,1.0,1.0
laplace|absolute1,M6_blend,-0.01138291014082611,-0.021768191566568184,0.23510971786833856,0.34169278996865204,,0.75,0.75,0.0,0.0
laplace|absolute1,M6_blend,-0.009336829130327783,-0.024356836237036696,0.25705329153605017,0.3761755485893417,,0.75,0.75,0.0,0.25
laplace|absolute1,M6_blend,-0.00135150710481446,-0.023330548515420723,0.26332288401253917,0.38557993730407525,,0.75,0.75,0.0,0.5
laplace|absolute1,M6_blend,0.021623459595821983,0.01077340212781975,0.2884012539184953,0.3824451410658307,,0.75,0.75,0.0,0.75
laplace|absolute1,M6_blend,0.026337994148017064,0.017506805111341714,0.2852664576802508,0.4200626959247649,,0.75,0.75,0.0,1.0
laplace|absolute1,M6_blend,-0.014194518510158892,-0.02664642177265266,0.2601880877742947,0.3887147335423197,,0.75,0.75,0.25,0.0
laplace|absolute1,M6_blend,-0.006596176713229855,-0.02434489405407427,0.2727272727272727,0.4043887147335423,,0.75,0.75,0.25,0.25
laplace|absolute1,M6_blend,0.00752828881178467,0.011292144270806477,0.29780564263322884,0.39184952978056425,,0.75,0.75,0.25,0.5
laplace|absolute1,M6_blend,0.0201161634558833,0.018818277445239333,0.30407523510971785,0.4106583072100313,,0.75,0.75,0.25,0.75
laplace|absolute1,M6_blend,0.023152207298064286,0.015786008483096723,0.30094043887147337,0.43573667711598746,,0.75,0.75,0.25,1.0
laplace|absolute1,M6_blend,-0.005120488770458856,-0.02614721673362681,0.2664576802507837,0.41379310344827586,,0.75,0.75,0.5,0.0
laplace|absolute1,M6_blend,-0.002517500319486327,-0.01613845481160666,0.27586206896551724,0.4106583072100313,,0.75,0.75,0.5,0.25
laplace|absolute1,M6_blend,0.017068650649864743,0.015371030832999927,0.30094043887147337,0.40752351097178685,,0.75,0.75,0.5,0.5
laplace|absolute1,M6_blend,0.018653508335148283,0.01381805942023062,0.30094043887147337,0.42946708463949845,,0.75,0.75,0.5,0.75
laplace|absolute1,M6_blend,0.02253294006363406,0.012232782803826198,0.2946708463949843,0.45141065830721006,,0.75,0.75,0.5,1.0
laplace|absolute1,M6_blend,-0.011727377059519426,-0.022953813083960346,0.2727272727272727,0.4263322884012539,,0.75,0.75,0.75,0.0
laplace|absolute1,M6_blend,0.00856767397942467,0.008863942002801686,0.2852664576802508,0.4263322884012539,,0.75,0.75,0.75,0.25
laplace|absolute1,M6_blend,0.015145981977089119,0.009072066836502858,0.29153605015673983,0.438871473354232,,0.75,0.75,0.75,0.5
laplace|absolute1,M6_blend,0.01875262834759671,0.010667632307658749,0.29153605015673983,0.4482758620689655,,0.75,0.75,0.75,0.75
laplace|absolute1,M6_blend,0.020604642018981295,0.010306673398866175,0.29153605015673983,0.45454545454545453,,0.75,0.75,0.75,1.0
laplace|absolute1,M6_blend,0.006519028004725593,0.007136877135703556,0.2884012539184953,0.43573667711598746,,0.75,0.75,1.0,0.0
laplace|absolute1,M6_blend,0.007327856619021344,0.0046465262700584615,0.29153605015673983,0.45141065830721006,,0.75,0.75,1.0,0.25
laplace|absolute1,M6_blend,0.015117917693557392,0.004838570006495359,0.2946708463949843,0.45454545454545453,,0.75,0.75,1.0,0.5
laplace|absolute1,M6_blend,0.01816121489658171,0.007309018864900715,0.2884012539184953,0.4670846394984326,,0.75,0.75,1.0,0.75
laplace|absolute1,M6_blend,0.019297114325207837,0.012211233178930223,0.30407523510971785,0.4702194357366771,,0.75,0.75,1.0,1.0
laplace|absolute1,M6_blend,-0.011815476543132156,-0.027220935925701194,0.23197492163009403,0.3981191222570533,,0.75,1.0,0.0,0.0
laplace|absolute1,M6_blend,-0.011506659154841732,-0.027782761366296337,0.25705329153605017,0.4043887147335423,,0.75,1.0,0.0,0.25
laplace|absolute1,M6_blend,-0.005332384241536973,-0.028014429485816568,0.2476489028213166,0.42946708463949845,,0.75,1.0,0.0,0.5
laplace|absolute1,M6_blend,-0.004630447664469956,-0.03168125463456943,0.2601880877742947,0.4482758620689655,,0.75,1.0,0.0,0.75
laplace|absolute1,M6_blend,0.018289619254835104,-0.0007803235378198116,0.27899686520376177,0.438871473354232,,0.75,1.0,0.0,1.0
laplace|absolute1,M6_blend,-0.017498340037628023,-0.029080054474568292,0.25391849529780564,0.4169278996865204,,0.75,1.0,0.25,0.0
laplace|absolute1,M6_blend,-0.007581708829739642,-0.026895135582707893,0.26332288401253917,0.43260188087774293,,0.75,1.0,0.25,0.25
laplace|absolute1,M6_blend,-0.007821405285243836,-0.03368357521099356,0.2664576802507837,0.4608150470219436,,0.75,1.0,0.25,0.5
laplace|absolute1,M6_blend,0.014947620816613655,0.0009579036186294496,0.2884012539184953,0.445141065830721,,0.75,1.0,0.25,0.75
laplace|absolute1,M6_blend,0.018608680202844202,0.009068469957778446,0.2884012539184953,0.45768025078369906,,0.75,1.0,0.25,1.0
laplace|absolute1,M6_blend,-0.010400411632582375,-0.0352056257099754,0.2664576802507837,0.45141065830721006,,0.75,1.0,0.5,0.0
laplace|absolute1,M6_blend,-0.0069298814464538675,-0.023456008678599958,0.26959247648902823,0.43260188087774293,,0.75,1.0,0.5,0.25
laplace|absolute1,M6_blend,0.007091344030815811,0.005603277349266513,0.2946708463949843,0.43573667711598746,,0.75,1.0,0.5,0.5
laplace|absolute1,M6_blend,0.014581984006598218,0.007589579574460146,0.2946708463949843,0.4482758620689655,,0.75,1.0,0.5,0.75
laplace|absolute1,M6_blend,0.017066641369142946,0.00700205392831919,0.2946708463949843,0.45454545454545453,,0.75,1.0,0.5,1.0
laplace|absolute1,M6_blend,-0.011407328120396729,-0.030418069571910608,0.2601880877742947,0.45768025078369906,,0.75,1.0,0.75,0.0
laplace|absolute1,M6_blend,-0.0039986783727698014,-0.005902891353847091,0.2727272727272727,0.45768025078369906,,0.75,1.0,0.75,0.25
laplace|absolute1,M6_blend,0.00852971921138177,0.007705352885128936,0.2852664576802508,0.45768025078369906,,0.75,1.0,0.75,0.5
laplace|absolute1,M6_blend,0.015617712551477559,0.006205304838179795,0.29153605015673983,0.4608150470219436,,0.75,1.0,0.75,0.75
laplace|absolute1,M6_blend,0.016854005795744396,0.006068073878747916,0.2946708463949843,0.45768025078369906,,0.75,1.0,0.75,1.0
laplace|absolute1,M6_blend,-0.013109538203491438,-0.031168707964655748,0.26332288401253917,0.47335423197492166,,0.75,1.0,1.0,0.0
laplace|absolute1,M6_blend,0.005571629979344327,0.0025867894058317228,0.28213166144200624,0.4670846394984326,,0.75,1.0,1.0,0.25
laplace|absolute1,M6_blend,0.010691674091006737,0.001040511510588906,0.27899686520376177,0.47335423197492166,,0.75,1.0,1.0,0.5
laplace|absolute1,M6_blend,0.01222616161701348,0.005851669312924801,0.29153605015673983,0.47335423197492166,,0.75,1.0,1.0,0.75
laplace|absolute1,M6_blend,0.014282913976147397,0.00823109911106597,0.2946708463949843,0.47648902821316613,,0.75,1.0,1.0,1.0
laplace|absolute1,M6_blend,-0.05150867607402095,-0.05572306423164834,0.14106583072100312,0.29780564263322884,,1.0,0.0,0.0,0.0
laplace|absolute1,M6_blend,-0.01318824000588718,-0.0050478283911476315,0.23510971786833856,0.2852664576802508,,1.0,0.0,0.0,0.25
laplace|absolute1,M6_blend,0.019171293150285654,0.031203965279842993,0.2852664576802508,0.29780564263322884,,1.0,0.0,0.0,0.5
laplace|absolute1,M6_blend,0.02400598330062587,0.03278974124863977,0.31974921630094044,0.32601880877742945,,1.0,0.0,0.0,0.75
laplace|absolute1,M6_blend,0.02773286926227034,0.03191630814376296,0.322884012539185,0.3448275862068966,,1.0,0.0,0.0,1.0
laplace|absolute1,M6_blend,-0.027189077639735913,-0.0361745043374528,0.20689655172413793,0.329153605015674,,1.0,0.0,0.25,0.0
laplace|absolute1,M6_blend,0.011302687066494739,0.02040586497949956,0.2601880877742947,0.3166144200626959,,1.0,0.0,0.25,0.25
laplace|absolute1,M6_blend,0.022185076079023727,0.031192437223039077,0.31347962382445144,0.329153605015674,,1.0,0.0,0.25,0.5
laplace|absolute1,M6_blend,0.022586677138585438,0.02990855948071121,0.322884012539185,0.3510971786833856,,1.0,0.0,0.25,0.75
laplace|absolute1,M6_blend,0.02367982886952257,0.02846953519225868,0.329153605015674,0.36990595611285265,,1.0,0.0,0.25,1.0
laplace|absolute1,M6_blend,-0.003939476704271617,0.00071177621106369,0.25391849529780564,0.36363636363636365,,1.0,0.0,0.5,0.0
laplace|absolute1,M6_blend,0.014320965771455156,0.017971333770262412,0.2884012539184953,0.3448275862068966,,1.0,0.0,0.5,0.25
laplace|absolute1,M6_blend,0.020154098434912587,0.025697316040159394,0.3166144200626959,0.3542319749216301,,1.0,0.0,0.5,0.5
laplace|absolute1,M6_blend,0.02050502560099328,0.024469820578176774,0.322884012539185,0.3793103448275862,,1.0,0.0,0.5,0.75
laplace|absolute1,M6_blend,0.02111697767209898,0.022912811861609966,0.32601880877742945,0.3981191222570533,,1.0,0.0,0.5,1.0
laplace|absolute1,M6_blend,-0.006544770541386615,-0.0009692887363949539,0.2852664576802508,0.39184952978056425,,1.0,0.0,0.75,0.0
laplace|absolute1,M6_blend,0.011024687303429584,0.016781471120806697,0.3103448275862069,0.3730407523510972,,1.0,0.0,0.75,0.25
laplace|absolute1,M6_blend,0.015010774907802395,0.0234816786847705,0.32601880877742945,0.3761755485893417,,1.0,0.0,0.75,0.5
laplace|absolute1,M6_blend,0.019633968116753737,0.02090923872347162,0.329153605015674,0.39184952978056425,,1.0,0.0,0.75,0.75
laplace|absolute1,M6_blend,0.01892390185309434,0.01948901260020591,0.31974921630094044,0.4043887147335423,,1.0,0.0,0.75,1.0
laplace|absolute1,M6_blend,-0.00372939829233024,-0.006617642180019038,0.29153605015673983,0.4200626959247649,,1.0,0.0,1.0,0.0
laplace|absolute1,M6_blend,0.00813821091365434,0.008236294711551696,0.30407523510971785,0.41379310344827586,,1.0,0.0,1.0,0.25
laplace|absolute1,M6_blend,0.012173191171164936,0.01479658452928253,0.31974921630094044,0.4106583072100313,,1.0,0.0,1.0,0.5
laplace|absolute1,M6_blend,0.01355889005107054,0.017557287629588643,0.31974921630094044,0.4169278996865204,,1.0,0.0,1.0,0.75
laplace|absolute1,M6_blend,0.0156843679742824,0.012100940459294005,0.3166144200626959,0.43573667711598746,,1.0,0.0,1.0,1.0
laplace|absolute1,M6_blend,-0.032699729704164425,-0.04278596230201587,0.2006269592476489,0.335423197492163,,1.0,0.25,0.0,0.0
laplace|absolute1,M6_blend,-0.010140766947612947,-0.007222546737489282,0.2601880877742947,0.329153605015674,,1.0,0.25,0.0,0.25
laplace|absolute1,M6_blend,0.00962297521226091,0.025109138666742647,0.30094043887147337,0.335423197492163,,1.0,0.25,0.0,0.5
laplace|absolute1,M6_blend,0.026556931652451158,0.02692704436407194,0.31347962382445144,0.3510971786833856,,1.0,0.25,0.0,0.75
laplace|absolute1,M6_blend,0.02551863428655002,0.02925407696153303,0.31347962382445144,0.3730407523510972,,1.0,0.25,0.0,1.0
laplace|absolute1,M6_blend,-0.017156645897478884,-0.01484435008470915,0.2413793103448276,0.3385579937304075,,1.0,0.25,0.25,0.0
laplace|absolute1,M6_blend,-0.002664536297117659,-0.001351459027738033,0.2852664576802508,0.3385579937304075,,1.0,0.25,0.25,0.25
laplace|absolute1,M6_blend,0.02228598769304421,0.02654253164755887,0.31347962382445144,0.3510971786833856,,1.0,0.25,0.25,0.5
laplace|absolute1,M6_blend,0.021554278680770436,0.025706555437425088,0.3072100313479624,0.3824451410658307,,1.0,0.25,0.25,0.75
laplace|absolute1,M6_blend,0.02351580347212409,0.026436763625813875,0.322884012539185,0.3949843260188088,,1.0,0.25,0.25,1.0
laplace|absolute1,M6_blend,-0.010994692436994344,-0.01389411277485118,0.26332288401253917,0.3667711598746082,,1.0,0.25,0.5,0.0
laplace|absolute1,M6_blend,0.012062220670842907,0.024134322311904363,0.3072100313479624,0.3605015673981191,,1.0,0.25,0.5,0.25
laplace|absolute1,M6_blend,0.01831363157659837,0.020340268152727978,0.3072100313479624,0.3793103448275862,,1.0,0.25,0.5,0.5
laplace|absolute1,M6_blend,0.01909972171475241,0.0200148631342713,0.3072100313479624,0.4043887147335423,,1.0,0.25,0.5,0.75
laplace|absolute1,M6_blend,0.021875471470703567,0.024063258604102748,0.31974921630094044,0.41379310344827586,,1.0,0.25,0.5,1.0
laplace|absolute1,M6_blend,0.004895561096812164,0.01342577114701271,0.29780564263322884,0.36990595611285265,,1.0,0.25,0.75,0.0
laplace|absolute1,M6_blend,0.012634225384860484,0.02055946049692115,0.3166144200626959,0.3793103448275862,,1.0,0.25,0.75,0.25
laplace|absolute1,M6_blend,0.015797268395611255,0.01665683507592327,0.31347962382445144,0.4012539184952978,,1.0,0.25,0.75,0.5
laplace|absolute1,M6_blend,0.018591848976383992,0.01765948068058603,0.32601880877742945,0.4043887147335423,,1.0,0.25,0.75,0.75
laplace|absolute1,M6_blend,0.01910595711244266,0.017258891082576076,0.31974921630094044,0.4169278996865204,,1.0,0.25,0.75,1.0
laplace|absolute1,M6_blend,0.0003415827548178019,0.013132008720995117,0.31974921630094044,0.38557993730407525,,1.0,0.25,1.0,0.0
laplace|absolute1,M6_blend,0.009009108329213018,0.01302692869847471,0.31974921630094044,0.4106583072100313,,1.0,0.25,1.0,0.25
laplace|absolute1,M6_blend,0.011647643271095388,0.01477754621716876,0.31974921630094044,0.4106583072100313,,1.0,0.25,1.0,0.5
laplace|absolute1,M6_blend,0.016020018412203345,0.012918007236009107,0.3166144200626959,0.42946708463949845,,1.0,0.25,1.0,0.75
laplace|absolute1,M6_blend,0.015897048412395774,0.010318135031058124,0.31347962382445144,0.445141065830721,,1.0,0.25,1.0,1.0
laplace|absolute1,M6_blend,-0.027585228977211516,-0.03002420071290578,0.22884012539184953,0.335423197492163,,1.0,0.5,0.0,0.0
laplace|absolute1,M6_blend,-0.014713374422629764,-0.022915651864112357,0.2727272727272727,0.3542319749216301,,1.0,0.5,0.0,0.25
laplace|absolute1,M6_blend,-0.003217865252583065,-0.008556835038067779,0.30094043887147337,0.36363636363636365,,1.0,0.5,0.0,0.5
laplace|absolute1,M6_blend,0.022444070450503353,0.02785554991854022,0.3166144200626959,0.3761755485893417,,1.0,0.5,0.0,0.75
laplace|absolute1,M6_blend,0.024619915325338856,0.025281970649023416,0.31974921630094044,0.3824451410658307,,1.0,0.5,0.0,1.0
laplace|absolute1,M6_blend,-0.025145126387884242,-0.03317383432696606,0.2601880877742947,0.3793103448275862,,1.0,0.5,0.25,0.0
laplace|absolute1,M6_blend,-0.005838755399396045,-0.0059743214713929215,0.2884012539184953,0.3667711598746082,,1.0,0.5,0.25,0.25
laplace|absolute1,M6_blend,0.015276905828089812,0.023827118828285452,0.3072100313479624,0.3793103448275862,,1.0,0.5,0.25,0.5
laplace|absolute1,M6_blend,0.021408169876130676,0.02437144586798913,0.3103448275862069,0.3949843260188088,,1.0,0.5,0.25,0.75
laplace|absolute1,M6_blend,0.01965065206271641,0.021915705261465898,0.3166144200626959,0.41379310344827586,,1.0,0.5,0.25,1.0
laplace|absolute1,M6_blend,-0.01606437931333696,-0.023546710411863268,0.26959247648902823,0.4012539184952978,,1.0,0.5,0.5,0.0
laplace|absolute1,M6_blend,-0.004473946538832302,0.009243396160464303,0.29153605015673983,0.3981191222570533,,1.0,0.5,0.5,0.25
laplace|absolute1,M6_blend,0.014814907595820742,0.018829369818248717,0.29780564263322884,0.4043887147335423,,1.0,0.5,0.5,0.5
laplace|absolute1,M6_blend,0.02136983370285371,0.018423636750461166,0.30094043887147337,0.4169278996865204,,1.0,0.5,0.5,0.75
laplace|absolute1,M6_blend,0.018830611724788344,0.021284932521723653,0.30407523510971785,0.438871473354232,,1.0,0.5,0.5,1.0
laplace|absolute1,M6_blend,-0.012454069090120342,-0.007018712305443414,0.27899686520376177,0.4169278996865204,,1.0,0.5,0.75,0.0
laplace|absolute1,M6_blend,0.0044467705206474575,0.012671414389038535,0.30094043887147337,0.4106583072100313,,1.0,0.5,0.75,0.25
laplace|absolute1,M6_blend,0.01459071024030379,0.014652996729814146,0.29780564263322884,0.4200626959247649,,1.0,0.5,0.75,0.5
laplace|absolute1,M6_blend,0.017547106043624444,0.010948628794436917,0.29780564263322884,0.44200626959247646,,1.0,0.5,0.75,0.75
laplace|absolute1,M6_blend,0.017458358766820815,0.016386969744878875,0.29780564263322884,0.445141065830721,,1.0,0.5,0.75,1.0
laplace|absolute1,M6_blend,0.0023004607571148927,0.01600974072997099,0.3166144200626959,0.4043887147335423,,1.0,0.5,1.0,0.0
laplace|absolute1,M6_blend,0.00873012020165665,0.014708257195624437,0.3072100313479624,0.4263322884012539,,1.0,0.5,1.0,0.25
laplace|absolute1,M6_blend,0.012361974813943572,0.014329834266048988,0.3103448275862069,0.43260188087774293,,1.0,0.5,1.0,0.5
laplace|absolute1,M6_blend,0.011972688121513244,0.013520748672720781,0.3103448275862069,0.438871473354232,,1.0,0.5,1.0,0.75
laplace|absolute1,M6_blend,0.01362363883805438,0.014363919948242302,0.31974921630094044,0.445141065830721,,1.0,0.5,1.0,1.0
laplace|absolute1,M6_blend,-0.02211984401411782,-0.028459557440120225,0.2476489028213166,0.3793103448275862,,1.0,0.75,0.0,0.0
laplace|absolute1,M6_blend,-0.01832795614516681,-0.028116627418228825,0.26959247648902823,0.39184952978056425,,1.0,0.75,0.0,0.25
laplace|absolute1,M6_blend,-0.009184598612995788,-0.026576960617004892,0.28213166144200624,0.4043887147335423,,1.0,0.75,0.0,0.5
laplace|absolute1,M6_blend,-0.0021823056610746645,-0.014439993132151033,0.2884012539184953,0.4169278996865204,,1.0,0.75,0.0,0.75
laplace|absolute1,M6_blend,0.01862153025229455,0.016155144976317697,0.29780564263322884,0.42946708463949845,,1.0,0.75,0.0,1.0
laplace|absolute1,M6_blend,-0.02152663496045018,-0.0309180562796077,0.2664576802507837,0.4043887147335423,,1.0,0.75,0.25,0.0
laplace|absolute1,M6_blend,-0.011499284917238362,-0.029797905419594067,0.27586206896551724,0.4169278996865204,,1.0,0.75,0.25,0.25
laplace|absolute1,M6_blend,-0.005758181876229262,-0.017644445502365644,0.2852664576802508,0.4200626959247649,,1.0,0.75,0.25,0.5
laplace|absolute1,M6_blend,0.012742211970082719,0.014156693563472515,0.29780564263322884,0.42946708463949845,,1.0,0.75,0.25,0.75
laplace|absolute1,M6_blend,0.01842752465626102,0.016384398897520053,0.3072100313479624,0.43573667711598746,,1.0,0.75,0.25,1.0
laplace|absolute1,M6_blend,-0.01395777590861353,-0.026490468952255937,0.27586206896551724,0.4106583072100313,,1.0,0.75,0.5,0.0
laplace|absolute1,M6_blend,-0.012596429531422183,-0.017631920936245903,0.27899686520376177,0.4200626959247649,,1.0,0.75,0.5,0.25
laplace|absolute1,M6_blend,0.009953912389984434,0.01219059088994343,0.2884012539184953,0.4263322884012539,,1.0,0.75,0.5,0.5
laplace|absolute1,M6_blend,0.01408947442482164,0.011425237775689755,0.30094043887147337,0.43573667711598746,,1.0,0.75,0.5,0.75
laplace|absolute1,M6_blend,0.01753207459910041,0.012172435880361305,0.30094043887147337,0.45768025078369906,,1.0,0.75,0.5,1.0
laplace|absolute1,M6_blend,-0.01809677739621295,-0.02648104620998182,0.27586206896551724,0.43260188087774293,,1.0,0.75,0.75,0.0
laplace|absolute1,M6_blend,-0.005693127157204787,0.008679251580683042,0.29153605015673983,0.43260188087774293,,1.0,0.75,0.75,0.25
laplace|absolute1,M6_blend,0.007515154863815916,0.006149556662969081,0.2884012539184953,0.44200626959247646,,1.0,0.75,0.75,0.5
laplace|absolute1,M6_blend,0.013872389259466007,0.010816045350695852,0.29780564263322884,0.45141065830721006,,1.0,0.75,0.75,0.75
laplace|absolute1,M6_blend,0.014832371111814959,0.01203996637912006,0.30094043887147337,0.45141065830721006,,1.0,0.75,0.75,1.0
laplace|absolute1,M6_blend,-0.011243351635465861,-0.010844644159078598,0.28213166144200624,0.45768025078369906,,1.0,0.75,1.0,0.0
laplace|absolute1,M6_blend,-0.0010715859320549325,0.0024172684592326235,0.2852664576802508,0.4608150470219436,,1.0,0.75,1.0,0.25
laplace|absolute1,M6_blend,0.0070062007899300656,0.0028848057513513534,0.2946708463949843,0.46394984326018807,,1.0,0.75,1.0,0.5
laplace|absolute1,M6_blend,0.012628508532305242,0.006971270546644085,0.2946708463949843,0.4702194357366771,,1.0,0.75,1.0,0.75
laplace|absolute1,M6_blend,0.012735922398694827,0.013128357983214729,0.3103448275862069,0.4670846394984326,,1.0,0.75,1.0,1.0
laplace|absolute1,M6_blend,-0.020525569236224225,-0.027984177606139436,0.25391849529780564,0.4012539184952978,,1.0,1.0,0.0,0.0
laplace|absolute1,M6_blend,-0.019982880261431794,-0.0317055198676347,0.26332288401253917,0.4200626959247649,,1.0,1.0,0.0,0.25
laplace|absolute1,M6_blend,-0.011898165984516264,-0.02971293278575691,0.2664576802507837,0.43573667711598746,,1.0,1.0,0.0,0.5
laplace|absolute1,M6_blend,-0.009641658391693187,-0.03381164188622307,0.2727272727272727,0.4670846394984326,,1.0,1.0,0.0,0.75
laplace|absolute1,M6_blend,0.009503600635228504,-0.003762990691725363,0.2884012539184953,0.4482758620689655,,1.0,1.0,0.0,1.0
laplace|absolute1,M6_blend,-0.022107317190880386,-0.03313663869302101,0.2664576802507837,0.4231974921630094,,1.0,1.0,0.25,0.0
laplace|absolute1,M6_blend,-0.012947876540973681,-0.03162276589524783,0.2727272727272727,0.43573667711598746,,1.0,1.0,0.25,0.25
laplace|absolute1,M6_blend,-0.012970469705336185,-0.03361885727245979,0.27586206896551724,0.46394984326018807,,1.0,1.0,0.25,0.5
laplace|absolute1,M6_blend,-0.0031600396290998524,-0.002471333398807759,0.2884012539184953,0.445141065830721,,1.0,1.0,0.25,0.75
laplace|absolute1,M6_blend,0.010833195646151324,0.008873575521767327,0.29780564263322884,0.45141065830721006,,1.0,1.0,0.25,1.0
laplace|absolute1,M6_blend,-0.017806750461289444,-0.03651168670353471,0.2727272727272727,0.45141065830721006,,1.0,1.0,0.5,0.0
laplace|absolute1,M6_blend,-0.013356092443227224,-0.028994230115581828,0.26959247648902823,0.4482758620689655,,1.0,1.0,0.5,0.25
laplace|absolute1,M6_blend,-0.009796434101184028,-0.024103444419964728,0.27586206896551724,0.45454545454545453,,1.0,1.0,0.5,0.5
laplace|absolute1,M6_blend,0.010280734619681547,0.007569968244965921,0.30094043887147337,0.4482758620689655,,1.0,1.0,0.5,0.75
laplace|absolute1,M6_blend,0.013830446360255157,0.0071659538789789505,0.30094043887147337,0.45768025078369906,,1.0,1.0,0.5,1.0
laplace|absolute1,M6_blend,-0.01783657426986173,-0.0340028437887987,0.26959247648902823,0.4608150470219436,,1.0,1.0,0.75,0.0
laplace|absolute1,M6_blend,-0.016680886879868823,-0.031533883201384616,0.26959247648902823,0.4670846394984326,,1.0,1.0,0.75,0.25
laplace|absolute1,M6_blend,0.003561033457857058,0.007439503837435223,0.2946708463949843,0.45454545454545453,,1.0,1.0,0.75,0.5
laplace|absolute1,M6_blend,0.009951788049556128,0.006700385782318803,0.30094043887147337,0.45768025078369906,,1.0,1.0,0.75,0.75
laplace|absolute1,M6_blend,0.011079597709051297,0.007296804945950972,0.30094043887147337,0.46394984326018807,,1.0,1.0,0.75,1.0
laplace|absolute1,M6_blend,-0.021016107825456286,-0.03410808318134012,0.26959247648902823,0.47335423197492166,,1.0,1.0,1.0,0.0
laplace|absolute1,M6_blend,-0.0019710864489876872,0.0025597661616847058,0.2884012539184953,0.46394984326018807,,1.0,1.0,1.0,0.25
laplace|absolute1,M6_blend,0.0038875334372145713,0.0013427649358970619,0.2852664576802508,0.47335423197492166,,1.0,1.0,1.0,0.5
laplace|absolute1,M6_blend,0.009508397430181503,0.006070457597417891,0.30094043887147337,0.47648902821316613,,1.0,1.0,1.0,0.75
laplace|absolute1,M6_blend,0.010082363530755858,0.009203590651197493,0.30094043887147337,0.47962382445141066,,1.0,1.0,1.0,1.0
